<?xml version="1.0" encoding="utf-8"?>
<System>
  <P Name="Location">[-1, -6, 1537, 817]</P>
  <P Name="ZoomFactor">221</P>
  <Block BlockType="Inport" Name="dw1" SID="789">
    <P Name="Position">[120, 73, 150, 87]</P>
    <P Name="ZOrder">390</P>
  </Block>
  <Block BlockType="Gain" Name="Gain" SID="790">
    <P Name="Position">[195, 65, 225, 95]</P>
    <P Name="ZOrder">372</P>
    <P Name="Gain">Params.gains.kpy</P>
  </Block>
  <Block BlockType="Gain" Name="Gain1" SID="791">
    <P Name="Position">[60, -10, 95, 20]</P>
    <P Name="ZOrder">373</P>
    <P Name="Gain">Params.gains.kiy</P>
  </Block>
  <Block BlockType="Integrator" Name="Integrator" SID="792">
    <PortCounts in="1" out="1"/>
    <P Name="Position">[115, -10, 145, 20]</P>
    <P Name="ZOrder">402</P>
  </Block>
  <Block BlockType="Sum" Name="Sum2" SID="793">
    <PortCounts in="2" out="1"/>
    <P Name="Position">[290, 30, 310, 50]</P>
    <P Name="ZOrder">385</P>
    <P Name="Inputs">+|+</P>
  </Block>
  <Block BlockType="InportShadow" Name="dw2" SID="794">
    <P Name="Position">[5, -2, 35, 12]</P>
    <P Name="ZOrder">401</P>
  </Block>
  <Block BlockType="Outport" Name="Tcx" SID="795">
    <P Name="Position">[410, 33, 440, 47]</P>
    <P Name="ZOrder">396</P>
  </Block>
  <Line>
    <P Name="ZOrder">1</P>
    <P Name="Src">793#out:1</P>
    <P Name="Dst">795#in:1</P>
  </Line>
  <Line>
    <P Name="ZOrder">2</P>
    <P Name="Src">789#out:1</P>
    <P Name="Dst">790#in:1</P>
  </Line>
  <Line>
    <P Name="ZOrder">3</P>
    <P Name="Src">790#out:1</P>
    <P Name="Points">[70, 0]</P>
    <P Name="Dst">793#in:2</P>
  </Line>
  <Line>
    <P Name="ZOrder">4</P>
    <P Name="Src">791#out:1</P>
    <P Name="Dst">792#in:1</P>
  </Line>
  <Line>
    <P Name="ZOrder">5</P>
    <P Name="Src">794#out:1</P>
    <P Name="Dst">791#in:1</P>
  </Line>
  <Line>
    <P Name="ZOrder">6</P>
    <P Name="Src">792#out:1</P>
    <P Name="Points">[-5, 0; 155, 0]</P>
    <P Name="Dst">793#in:1</P>
  </Line>
  <Annotation SID="796">
    <P Name="Name">K_p</P>
    <P Name="Position">[159, 89, 178, 104]</P>
    <P Name="InternalMargins">[0, 0, 0, 0]</P>
    <P Name="ZOrder">-1</P>
  </Annotation>
</System>
