<?xml version="1.0" encoding="utf-8"?>
<System>
  <P Name="Location">[-1, -6, 1537, 817]</P>
  <P Name="ZoomFactor">104</P>
  <Block BlockType="Inport" Name="T Torque [Nm]" SID="26">
    <P Name="Position">[520, 283, 550, 297]</P>
    <P Name="ZOrder">275</P>
  </Block>
  <Block BlockType="Inport" Name="w0 [rad/sec]" SID="27">
    <P Name="Position">[20, 88, 50, 102]</P>
    <P Name="ZOrder">276</P>
    <P Name="Port">2</P>
  </Block>
  <Block BlockType="Inport" Name="J inertia matrix [kg m^2]" SID="28">
    <P Name="Position">[30, 178, 60, 192]</P>
    <P Name="ZOrder">277</P>
    <P Name="Port">3</P>
  </Block>
  <Block BlockType="Inport" Name="H_W_B Wheels angular momentum [Nms]" SID="698">
    <P Name="Position">[30, 333, 60, 347]</P>
    <P Name="ZOrder">285</P>
    <P Name="Port">4</P>
  </Block>
  <Block BlockType="Sum" Name="Add" SID="20">
    <PortCounts in="2" out="1"/>
    <P Name="Position">[615, 209, 645, 316]</P>
    <P Name="ZOrder">270</P>
    <P Name="IconShape">rectangular</P>
  </Block>
  <Block BlockType="Sum" Name="Add1" SID="699">
    <PortCounts in="2" out="1"/>
    <P Name="Position">[280, 272, 310, 303]</P>
    <P Name="ZOrder">286</P>
    <P Name="IconShape">rectangular</P>
  </Block>
  <Block BlockType="From" Name="From" SID="15">
    <P Name="Position">[30, 240, 70, 270]</P>
    <P Name="ZOrder">265</P>
    <P Name="GotoTag">w_t</P>
  </Block>
  <Block BlockType="From" Name="From1" SID="16">
    <P Name="Position">[455, 90, 495, 120]</P>
    <P Name="ZOrder">266</P>
    <P Name="GotoTag">w_t</P>
  </Block>
  <Block BlockType="From" Name="From2" SID="18">
    <P Name="Position">[295, 200, 335, 230]</P>
    <P Name="ZOrder">268</P>
    <P Name="GotoTag">w_t</P>
  </Block>
  <Block BlockType="From" Name="From3" SID="22">
    <P Name="Position">[35, 142, 75, 168]</P>
    <P Name="ZOrder">272</P>
  </Block>
  <Block BlockType="From" Name="From4" SID="24">
    <P Name="Position">[20, 20, 60, 50]</P>
    <P Name="ZOrder">274</P>
    <P Name="GotoTag">dwdt</P>
  </Block>
  <Block BlockType="From" Name="From5" SID="682">
    <P Name="Position">[455, 140, 495, 170]</P>
    <P Name="ZOrder">284</P>
    <P Name="GotoTag">dwdt</P>
  </Block>
  <Block BlockType="Gain" Name="Gain" SID="19">
    <P Name="Position">[525, 220, 555, 250]</P>
    <P Name="ZOrder">269</P>
    <P Name="Gain">-1</P>
  </Block>
  <Block BlockType="Goto" Name="Goto" SID="14">
    <P Name="Position">[345, 55, 385, 85]</P>
    <P Name="ZOrder">264</P>
    <P Name="GotoTag">w_t</P>
  </Block>
  <Block BlockType="Goto" Name="Goto1" SID="21">
    <P Name="Position">[745, 250, 785, 280]</P>
    <P Name="ZOrder">271</P>
  </Block>
  <Block BlockType="Goto" Name="Goto2" SID="23">
    <P Name="Position">[375, 155, 415, 185]</P>
    <P Name="ZOrder">273</P>
    <P Name="GotoTag">dwdt</P>
  </Block>
  <Block BlockType="Product" Name="H=Jw" SID="13">
    <PortCounts in="2" out="1"/>
    <P Name="Position">[215, 227, 260, 263]</P>
    <P Name="ZOrder">263</P>
    <P Name="Multiplication">Matrix(*)</P>
  </Block>
  <Block BlockType="Integrator" Name="Integrator" SID="8">
    <PortCounts in="2" out="1"/>
    <P Name="Position">[215, 52, 250, 88]</P>
    <P Name="ZOrder">258</P>
    <P Name="InitialConditionSource">external</P>
  </Block>
  <Block BlockType="Product" Name="Matrix Divide" SID="7">
    <PortCounts in="2" out="1"/>
    <P Name="Position">[225, 140, 260, 200]</P>
    <P Name="ZOrder">257</P>
    <P Name="Inputs">*/</P>
    <P Name="Multiplication">Matrix(*)</P>
  </Block>
  <Block BlockType="Reshape" Name="Reshape" SID="718">
    <PortCounts in="1" out="1"/>
    <P Name="Position">[110, 143, 150, 167]</P>
    <P Name="ZOrder">289</P>
    <P Name="OutputDimensionality">Row vector (2-D)</P>
  </Block>
  <Block BlockType="Math" Name="Transpose" SID="160">
    <PortCounts in="1" out="1"/>
    <P Name="Position">[280, 54, 310, 86]</P>
    <P Name="ZOrder">282</P>
    <P Name="Operator">transpose</P>
  </Block>
  <Block BlockType="Reference" Name="wXH" SID="17">
    <PortCounts in="2" out="1"/>
    <P Name="Position">[430, 205, 505, 265]</P>
    <P Name="ZOrder">267</P>
    <P Name="LibraryVersion">10.0</P>
    <P Name="SourceBlock">sharedutil/3x3 Cross Product</P>
    <P Name="SourceType">CrossProduct</P>
    <InstanceData>
      <P Name="RTWMemSecFuncInitTerm">Inherit from model</P>
      <P Name="RTWMemSecFuncExecute">Inherit from model</P>
      <P Name="RTWMemSecDataConstants">Inherit from model</P>
      <P Name="RTWMemSecDataInternal">Inherit from model</P>
      <P Name="RTWMemSecDataParameters">Inherit from model</P>
      <P Name="ContentPreviewEnabled">on</P>
      <P Name="aMode">aMode</P>
    </InstanceData>
  </Block>
  <Block BlockType="Outport" Name="w(t) [rad/sec]" SID="29">
    <P Name="Position">[565, 98, 595, 112]</P>
    <P Name="ZOrder">278</P>
  </Block>
  <Block BlockType="Outport" Name="dw/dt [rad/sec^2]" SID="681">
    <P Name="Position">[565, 148, 595, 162]</P>
    <P Name="ZOrder">283</P>
    <P Name="Port">2</P>
  </Block>
  <Line>
    <P Name="ZOrder">34</P>
    <P Name="Src">26#out:1</P>
    <P Name="Dst">20#in:2</P>
  </Line>
  <Line>
    <P Name="ZOrder">35</P>
    <P Name="Src">27#out:1</P>
    <P Name="Points">[78, 0; 0, -15]</P>
    <P Name="Dst">8#in:2</P>
  </Line>
  <Line>
    <P Name="ZOrder">28</P>
    <P Name="Src">19#out:1</P>
    <P Name="Dst">20#in:1</P>
  </Line>
  <Line>
    <P Name="ZOrder">37</P>
    <P Name="Src">16#out:1</P>
    <P Name="Dst">29#in:1</P>
  </Line>
  <Line>
    <P Name="ZOrder">36</P>
    <P Name="Src">28#out:1</P>
    <P Name="Points">[44, 0]</P>
    <Branch>
      <P Name="ZOrder">25</P>
      <P Name="Dst">7#in:2</P>
    </Branch>
    <Branch>
      <P Name="ZOrder">24</P>
      <P Name="Points">[0, 50]</P>
      <P Name="Dst">13#in:1</P>
    </Branch>
  </Line>
  <Line>
    <P Name="ZOrder">33</P>
    <P Name="Src">24#out:1</P>
    <P Name="Points">[73, 0; 0, 25]</P>
    <P Name="Dst">8#in:1</P>
  </Line>
  <Line>
    <P Name="ZOrder">21</P>
    <P Name="Src">17#out:1</P>
    <P Name="Dst">19#in:1</P>
  </Line>
  <Line>
    <P Name="ZOrder">12</P>
    <P Name="Src">18#out:1</P>
    <P Name="Points">[50, 0; 0, 5]</P>
    <P Name="Dst">17#in:1</P>
  </Line>
  <Line>
    <P Name="ZOrder">52</P>
    <P Name="Src">22#out:1</P>
    <P Name="Dst">718#in:1</P>
  </Line>
  <Line>
    <P Name="ZOrder">56</P>
    <P Name="Src">7#out:1</P>
    <P Name="Dst">23#in:1</P>
  </Line>
  <Line>
    <P Name="ZOrder">54</P>
    <P Name="Src">15#out:1</P>
    <P Name="Dst">13#in:2</P>
  </Line>
  <Line>
    <P Name="ZOrder">60</P>
    <P Name="Src">8#out:1</P>
    <P Name="Dst">160#in:1</P>
  </Line>
  <Line>
    <P Name="ZOrder">61</P>
    <P Name="Src">160#out:1</P>
    <P Name="Dst">14#in:1</P>
  </Line>
  <Line>
    <P Name="ZOrder">62</P>
    <P Name="Src">682#out:1</P>
    <P Name="Dst">681#in:1</P>
  </Line>
  <Line>
    <P Name="ZOrder">63</P>
    <P Name="Src">698#out:1</P>
    <P Name="Points">[105, 0; 0, -45]</P>
    <P Name="Dst">699#in:2</P>
  </Line>
  <Line>
    <P Name="ZOrder">71</P>
    <P Name="Src">20#out:1</P>
    <P Name="Dst">21#in:1</P>
  </Line>
  <Line>
    <P Name="ZOrder">69</P>
    <P Name="Src">13#out:1</P>
    <P Name="Dst">699#in:1</P>
  </Line>
  <Line>
    <P Name="ZOrder">74</P>
    <P Name="Src">699#out:1</P>
    <P Name="Points">[75, 0; 0, -40]</P>
    <P Name="Dst">17#in:2</P>
  </Line>
  <Line>
    <P Name="ZOrder">81</P>
    <P Name="Src">718#out:1</P>
    <P Name="Dst">7#in:1</P>
  </Line>
  <Annotation SID="744">
    <P Name="Name">(67)</P>
    <P Name="Position">[755, 301, 774, 316]</P>
    <P Name="InternalMargins">[0, 0, 0, 0]</P>
    <P Name="ZOrder">-1</P>
  </Annotation>
  <Annotation SID="743">
    <P Name="Name">dH/dt</P>
    <P Name="Position">[752, 286, 777, 301]</P>
    <P Name="InternalMargins">[0, 0, 0, 0]</P>
    <P Name="ZOrder">-2</P>
  </Annotation>
</System>
