<?xml version="1.0" encoding="utf-8"?>
<System>
  <P Name="Location">[-1, -8, 2561, 1393]</P>
  <Block BlockType="Inport" Name="W3" SID="559">
    <P Name="Position">[20, 168, 50, 182]</P>
    <P Name="ZOrder">505</P>
  </Block>
  <Block BlockType="Inport" Name="Tc_W3" SID="560">
    <P Name="Position">[20, 68, 50, 82]</P>
    <P Name="ZOrder">506</P>
    <P Name="Port">2</P>
  </Block>
  <Block BlockType="Inport" Name="w0_W3" SID="561">
    <P Name="Position">[20, 488, 50, 502]</P>
    <P Name="ZOrder">508</P>
    <P Name="Port">3</P>
  </Block>
  <Block BlockType="Inport" Name="w_t" SID="562">
    <P Name="Position">[20, 243, 50, 257]</P>
    <P Name="ZOrder">509</P>
    <P Name="Port">4</P>
  </Block>
  <Block BlockType="Inport" Name="dw/dt" SID="563">
    <P Name="Position">[20, 123, 50, 137]</P>
    <P Name="ZOrder">507</P>
    <P Name="Port">5</P>
  </Block>
  <Block BlockType="Inport" Name="torquebox_data" SID="710">
    <P Name="Position">[455, 193, 485, 207]</P>
    <P Name="ZOrder">529</P>
    <P Name="Port">6</P>
  </Block>
  <Block BlockType="DotProduct" Name="Dot Product" SID="564">
    <P Name="Position">[170, 137, 200, 168]</P>
    <P Name="ZOrder">486</P>
    <P Name="OutDataTypeStr">Inherit: Inherit via internal rule</P>
  </Block>
  <Block BlockType="DotProduct" Name="Dot Product1" SID="565">
    <P Name="Position">[170, 227, 200, 258]</P>
    <P Name="ZOrder">503</P>
    <P Name="OutDataTypeStr">Inherit: Inherit via internal rule</P>
    <PortProperties>
      <Port Type="out" Index="1">
        <P Name="Name">Spacecraft contributionangular momentum</P>
      </Port>
    </PortProperties>
  </Block>
  <Block BlockType="From" Name="From" SID="566">
    <P Name="Position">[10, 575, 50, 605]</P>
    <P Name="ZOrder">513</P>
    <P Name="GotoTag">Ta_W3</P>
  </Block>
  <Block BlockType="From" Name="From1" SID="567">
    <P Name="Position">[5, 652, 55, 668]</P>
    <P Name="ZOrder">516</P>
    <P Name="GotoTag">T_W3_s</P>
    <PortProperties>
      <Port Type="out" Index="1">
        <P Name="PropagatedSignals">Spacecraft contribution Torque</P>
      </Port>
    </PortProperties>
  </Block>
  <Block BlockType="From" Name="From2" SID="568">
    <P Name="Position">[5, 782, 55, 808]</P>
    <P Name="ZOrder">521</P>
    <P Name="GotoTag">H_W3_s</P>
    <PortProperties>
      <Port Type="out" Index="1">
        <P Name="PropagatedSignals">Spacecraft contributionangular momentum</P>
      </Port>
    </PortProperties>
  </Block>
  <Block BlockType="From" Name="From3" SID="569">
    <P Name="Position">[5, 715, 80, 745]</P>
    <P Name="ZOrder">522</P>
    <P Name="GotoTag">H_W3_w</P>
    <PortProperties>
      <Port Type="out" Index="1">
        <P Name="PropagatedSignals">H_W3_wheel only</P>
      </Port>
    </PortProperties>
  </Block>
  <Block BlockType="From" Name="From7" SID="570">
    <P Name="Position">[20, 410, 60, 440]</P>
    <P Name="ZOrder">491</P>
    <P Name="GotoTag">Ta_W3</P>
  </Block>
  <Block BlockType="From" Name="From8" SID="571">
    <P Name="Position">[15, 300, 70, 330]</P>
    <P Name="ZOrder">500</P>
    <P Name="GotoTag">w_t_W3</P>
  </Block>
  <Block BlockType="Gain" Name="Gain" SID="572">
    <P Name="Position">[275, 140, 305, 170]</P>
    <P Name="ZOrder">487</P>
    <P Name="Gain">Params.Jw</P>
    <PortProperties>
      <Port Type="out" Index="1">
        <P Name="Name">Spacecraft contribution Torque</P>
      </Port>
    </PortProperties>
  </Block>
  <Block BlockType="Gain" Name="Gain1" SID="573">
    <P Name="Position">[170, 410, 200, 440]</P>
    <P Name="ZOrder">492</P>
    <P Name="Gain">1/Params.Jw</P>
    <PortProperties>
      <Port Type="out" Index="1">
        <P Name="Name">dw/dt_w3</P>
      </Port>
    </PortProperties>
  </Block>
  <Block BlockType="Gain" Name="Gain2" SID="574">
    <P Name="Position">[220, 300, 250, 330]</P>
    <P Name="ZOrder">504</P>
    <P Name="Gain">Params.Jw</P>
    <PortProperties>
      <Port Type="out" Index="1">
        <P Name="Name">H_W3_wheel only</P>
      </Port>
    </PortProperties>
  </Block>
  <Block BlockType="Gain" Name="Gain3" SID="575">
    <P Name="Position">[250, 605, 280, 635]</P>
    <P Name="ZOrder">525</P>
    <P Name="Gain">Params.W3</P>
  </Block>
  <Block BlockType="Gain" Name="Gain4" SID="576">
    <P Name="Position">[250, 755, 280, 785]</P>
    <P Name="ZOrder">526</P>
    <P Name="Gain">Params.W3</P>
  </Block>
  <Block BlockType="Gain" Name="Gain5" SID="739">
    <P Name="Position">[800, 115, 830, 145]</P>
    <P Name="ZOrder">530</P>
  </Block>
  <Block BlockType="Goto" Name="Goto" SID="577">
    <P Name="Position">[365, 207, 420, 223]</P>
    <P Name="ZOrder">514</P>
    <P Name="GotoTag">T_W3_s</P>
  </Block>
  <Block BlockType="Goto" Name="Goto1" SID="578">
    <P Name="Position">[385, 237, 430, 253]</P>
    <P Name="ZOrder">515</P>
    <P Name="GotoTag">H_W3_s</P>
  </Block>
  <Block BlockType="Goto" Name="Goto2" SID="579">
    <P Name="Position">[495, 300, 570, 330]</P>
    <P Name="ZOrder">520</P>
    <P Name="GotoTag">H_W3_w</P>
  </Block>
  <Block BlockType="Goto" Name="Goto4" SID="580">
    <P Name="Position">[940, 115, 1010, 145]</P>
    <P Name="ZOrder">489</P>
    <P Name="GotoTag">Ta_W3</P>
    <P Name="IconDisplay">Signal name</P>
  </Block>
  <Block BlockType="Goto" Name="Goto9" SID="581">
    <P Name="Position">[485, 440, 540, 470]</P>
    <P Name="ZOrder">499</P>
    <P Name="GotoTag">w_t_W3</P>
  </Block>
  <Block BlockType="Integrator" Name="Integrator" SID="582">
    <PortCounts in="2" out="1"/>
    <P Name="Position">[305, 424, 340, 486]</P>
    <P Name="ZOrder">493</P>
    <P Name="InitialConditionSource">external</P>
  </Block>
  <Block BlockType="SubSystem" Name="MATLAB Function" SID="583">
    <PortCounts in="3" out="1"/>
    <P Name="Position">[510, 21, 770, 239]</P>
    <P Name="ZOrder">471</P>
    <P Name="ErrorFcn">Stateflow.Translate.translate</P>
    <P Name="PermitHierarchicalResolution">ExplicitOnly</P>
    <P Name="TreatAsAtomicUnit">on</P>
    <P Name="SFBlockType">MATLAB Function</P>
    <P Name="ContentPreviewEnabled">on</P>
    <PortProperties>
      <Port Type="out" Index="1">
        <P Name="PropagatedSignals">Torque</P>
      </Port>
    </PortProperties>
    <System Ref="system_583"/>
  </Block>
  <Block BlockType="Reshape" Name="Reshape" SID="635">
    <PortCounts in="1" out="1"/>
    <P Name="Position">[310, 608, 340, 632]</P>
    <P Name="ZOrder">527</P>
    <P Name="OutputDimensionality">Column vector (2-D)</P>
    <PortProperties>
      <Port Type="out" Index="1">
        <P Name="Name">wheel&apos;s 3 torque in body frame</P>
      </Port>
    </PortProperties>
  </Block>
  <Block BlockType="Reshape" Name="Reshape1" SID="636">
    <PortCounts in="1" out="1"/>
    <P Name="Position">[310, 758, 340, 782]</P>
    <P Name="ZOrder">528</P>
    <P Name="OutputDimensionality">Column vector (2-D)</P>
    <PortProperties>
      <Port Type="out" Index="1">
        <P Name="Name">wheel&apos;s 3 momentum in body frame</P>
      </Port>
    </PortProperties>
  </Block>
  <Block BlockType="Saturate" Name="Saturation" SID="819">
    <P Name="Position">[395, 440, 425, 470]</P>
    <P Name="ZOrder">594</P>
    <P Name="UpperLimit">598</P>
    <P Name="LowerLimit">-598</P>
  </Block>
  <Block BlockType="Sum" Name="Sum" SID="584">
    <PortCounts in="2" out="1"/>
    <P Name="Position">[200, 610, 220, 630]</P>
    <P Name="ZOrder">518</P>
    <P Name="Inputs">+|+</P>
  </Block>
  <Block BlockType="Sum" Name="Sum1" SID="585">
    <PortCounts in="2" out="1"/>
    <P Name="Position">[210, 760, 230, 780]</P>
    <P Name="ZOrder">523</P>
    <P Name="Inputs">+|+</P>
  </Block>
  <Block BlockType="Sum" Name="Sum2" SID="586">
    <PortCounts in="2" out="1"/>
    <P Name="Position">[375, 65, 395, 85]</P>
    <P Name="ZOrder">488</P>
    <P Name="Inputs">|+-</P>
  </Block>
  <Block BlockType="Outport" Name="Ta_W3" SID="587">
    <P Name="Position">[940, 178, 970, 192]</P>
    <P Name="ZOrder">510</P>
  </Block>
  <Block BlockType="Outport" Name="H_W3_w" SID="588">
    <P Name="Position">[530, 378, 560, 392]</P>
    <P Name="ZOrder">512</P>
    <P Name="Port">2</P>
  </Block>
  <Block BlockType="Outport" Name="T_W3_BODY" SID="589">
    <P Name="Position">[510, 613, 540, 627]</P>
    <P Name="ZOrder">519</P>
    <P Name="Port">3</P>
  </Block>
  <Block BlockType="Outport" Name="H_W3_BODY" SID="590">
    <P Name="Position">[545, 763, 575, 777]</P>
    <P Name="ZOrder">524</P>
    <P Name="Port">4</P>
  </Block>
  <Line>
    <P Name="ZOrder">4</P>
    <P Name="Src">560#out:1</P>
    <P Name="Dst">586#in:1</P>
  </Line>
  <Line>
    <P Name="Name">Spacecraft contribution Torque</P>
    <P Name="ZOrder">5</P>
    <P Name="Src">572#out:1</P>
    <P Name="Points">[31, 0]</P>
    <Branch>
      <P Name="ZOrder">6</P>
      <P Name="Points">[44, 0]</P>
      <P Name="Dst">586#in:2</P>
    </Branch>
    <Branch>
      <P Name="ZOrder">7</P>
      <P Name="Labels">[1, 1]</P>
      <P Name="Points">[0, 60]</P>
      <P Name="Dst">577#in:1</P>
    </Branch>
  </Line>
  <Line>
    <P Name="ZOrder">8</P>
    <P Name="Src">563#out:1</P>
    <P Name="Points">[55, 0; 0, 15]</P>
    <P Name="Dst">564#in:1</P>
  </Line>
  <Line>
    <P Name="ZOrder">9</P>
    <P Name="Src">561#out:1</P>
    <P Name="Points">[123, 0; 0, -25]</P>
    <P Name="Dst">582#in:2</P>
  </Line>
  <Line>
    <P Name="ZOrder">10</P>
    <P Name="Src">586#out:1</P>
    <P Name="Points">[53, 0; 0, -15]</P>
    <P Name="Dst">583#in:1</P>
  </Line>
  <Line>
    <P Name="ZOrder">11</P>
    <P Name="Src">559#out:1</P>
    <P Name="Points">[53, 0]</P>
    <Branch>
      <P Name="ZOrder">12</P>
      <P Name="Points">[0, 60]</P>
      <P Name="Dst">565#in:1</P>
    </Branch>
    <Branch>
      <P Name="ZOrder">13</P>
      <P Name="Points">[0, -15]</P>
      <P Name="Dst">564#in:2</P>
    </Branch>
  </Line>
  <Line>
    <P Name="ZOrder">14</P>
    <P Name="Src">564#out:1</P>
    <P Name="Dst">572#in:1</P>
  </Line>
  <Line>
    <P Name="Name">H_W3_wheel only</P>
    <P Name="ZOrder">59</P>
    <P Name="Labels">[1, 1]</P>
    <P Name="Src">574#out:1</P>
    <P Name="Points">[183, 0]</P>
    <Branch>
      <P Name="ZOrder">16</P>
      <P Name="Points">[24, 0]</P>
      <Branch>
        <P Name="ZOrder">17</P>
        <P Name="Points">[0, 70]</P>
        <P Name="Dst">588#in:1</P>
      </Branch>
      <Branch>
        <P Name="ZOrder">18</P>
        <P Name="Dst">579#in:1</P>
      </Branch>
    </Branch>
    <Branch>
      <P Name="ZOrder">19</P>
      <P Name="Points">[0, -185]</P>
      <P Name="Dst">583#in:2</P>
    </Branch>
  </Line>
  <Line>
    <P Name="ZOrder">20</P>
    <P Name="Src">570#out:1</P>
    <P Name="Dst">573#in:1</P>
  </Line>
  <Line>
    <P Name="ZOrder">21</P>
    <P Name="Src">582#out:1</P>
    <P Name="Dst">819#in:1</P>
  </Line>
  <Line>
    <P Name="Name">dw/dt_w3</P>
    <P Name="ZOrder">22</P>
    <P Name="Labels">[2, 1]</P>
    <P Name="Src">573#out:1</P>
    <P Name="Points">[48, 0; 0, 15]</P>
    <P Name="Dst">582#in:1</P>
  </Line>
  <Line>
    <P Name="ZOrder">23</P>
    <P Name="Src">571#out:1</P>
    <P Name="Dst">574#in:1</P>
  </Line>
  <Line>
    <P Name="ZOrder">24</P>
    <P Name="Src">562#out:1</P>
    <P Name="Dst">565#in:2</P>
  </Line>
  <Line>
    <P Name="Name">Spacecraft contributionangular momentum</P>
    <P Name="ZOrder">25</P>
    <P Name="Labels">[1, 1]</P>
    <P Name="Src">565#out:1</P>
    <P Name="Dst">578#in:1</P>
  </Line>
  <Line>
    <P Name="ZOrder">26</P>
    <P Name="Src">566#out:1</P>
    <P Name="Points">[155, 0]</P>
    <P Name="Dst">584#in:1</P>
  </Line>
  <Line>
    <P Name="ZOrder">27</P>
    <P Name="Src">567#out:1</P>
    <P Name="Points">[150, 0]</P>
    <P Name="Dst">584#in:2</P>
  </Line>
  <Line>
    <P Name="ZOrder">28</P>
    <P Name="Src">584#out:1</P>
    <P Name="Dst">575#in:1</P>
  </Line>
  <Line>
    <P Name="ZOrder">29</P>
    <P Name="Src">568#out:1</P>
    <P Name="Dst">585#in:2</P>
  </Line>
  <Line>
    <P Name="ZOrder">30</P>
    <P Name="Src">569#out:1</P>
    <P Name="Points">[135, 0]</P>
    <P Name="Dst">585#in:1</P>
  </Line>
  <Line>
    <P Name="ZOrder">31</P>
    <P Name="Src">585#out:1</P>
    <P Name="Dst">576#in:1</P>
  </Line>
  <Line>
    <P Name="ZOrder">32</P>
    <P Name="Src">575#out:1</P>
    <P Name="Dst">635#in:1</P>
  </Line>
  <Line>
    <P Name="ZOrder">33</P>
    <P Name="Src">576#out:1</P>
    <P Name="Dst">636#in:1</P>
  </Line>
  <Line>
    <P Name="Name">wheel&apos;s 3 torque in body frame</P>
    <P Name="ZOrder">34</P>
    <P Name="Labels">[1, 1]</P>
    <P Name="Src">635#out:1</P>
    <P Name="Dst">589#in:1</P>
  </Line>
  <Line>
    <P Name="Name">wheel&apos;s 3 momentum in body frame</P>
    <P Name="ZOrder">52</P>
    <P Name="Labels">[1, 1]</P>
    <P Name="Src">636#out:1</P>
    <P Name="Dst">590#in:1</P>
  </Line>
  <Line>
    <P Name="ZOrder">36</P>
    <P Name="Src">710#out:1</P>
    <P Name="Dst">583#in:3</P>
  </Line>
  <Line>
    <P Name="ZOrder">37</P>
    <P Name="Src">583#out:1</P>
    <P Name="Dst">739#in:1</P>
  </Line>
  <Line>
    <P Name="ZOrder">38</P>
    <P Name="Src">739#out:1</P>
    <P Name="Points">[32, 0]</P>
    <Branch>
      <P Name="ZOrder">40</P>
      <P Name="Points">[0, 55]</P>
      <P Name="Dst">587#in:1</P>
    </Branch>
    <Branch>
      <P Name="ZOrder">39</P>
      <P Name="Dst">580#in:1</P>
    </Branch>
  </Line>
  <Line>
    <P Name="ZOrder">60</P>
    <P Name="Src">819#out:1</P>
    <P Name="Dst">581#in:1</P>
  </Line>
</System>
