<?xml version="1.0" encoding="utf-8"?>
<System>
  <P Name="Location">[-1, -8, 2561, 1393]</P>
  <Block BlockType="Inport" Name="Tc" SID="668">
    <P Name="Position">[20, 98, 50, 112]</P>
    <P Name="ZOrder">571</P>
  </Block>
  <Block BlockType="Inport" Name="w0_W" SID="669">
    <P Name="Position">[20, 303, 50, 317]</P>
    <P Name="ZOrder">572</P>
    <P Name="Port">2</P>
  </Block>
  <Block BlockType="Inport" Name="w_t" SID="670">
    <P Name="Position">[20, 523, 50, 537]</P>
    <P Name="ZOrder">573</P>
    <P Name="Port">3</P>
  </Block>
  <Block BlockType="Inport" Name="dw/dt" SID="671">
    <P Name="Position">[20, 633, 50, 647]</P>
    <P Name="ZOrder">574</P>
    <P Name="Port">4</P>
  </Block>
  <Block BlockType="Inport" Name="W1" SID="672">
    <P Name="Position">[520, 558, 550, 572]</P>
    <P Name="ZOrder">575</P>
    <P Name="Port">5</P>
  </Block>
  <Block BlockType="Inport" Name="W2" SID="673">
    <P Name="Position">[525, 798, 555, 812]</P>
    <P Name="ZOrder">576</P>
    <P Name="Port">6</P>
  </Block>
  <Block BlockType="Inport" Name="W3" SID="674">
    <P Name="Position">[535, 1068, 565, 1082]</P>
    <P Name="ZOrder">577</P>
    <P Name="Port">7</P>
  </Block>
  <Block BlockType="Inport" Name="W4" SID="675">
    <P Name="Position">[525, 1338, 555, 1352]</P>
    <P Name="ZOrder">578</P>
    <P Name="Port">8</P>
  </Block>
  <Block BlockType="Inport" Name="torquebox_data" SID="704">
    <P Name="Position">[10, 743, 40, 757]</P>
    <P Name="ZOrder">583</P>
    <P Name="Port">9</P>
  </Block>
  <Block BlockType="Sum" Name="Add" SID="641">
    <PortCounts in="4" out="1"/>
    <P Name="Position">[1310, 21, 1365, 204]</P>
    <P Name="ZOrder">549</P>
    <P Name="IconShape">rectangular</P>
    <P Name="Inputs">++++</P>
  </Block>
  <Block BlockType="Sum" Name="Add1" SID="647">
    <PortCounts in="4" out="1"/>
    <P Name="Position">[1310, 236, 1365, 419]</P>
    <P Name="ZOrder">555</P>
    <P Name="IconShape">rectangular</P>
    <P Name="Inputs">++++</P>
  </Block>
  <Block BlockType="Demux" Name="Demux" SID="332">
    <PortCounts in="1" out="4"/>
    <P Name="Position">[275, 210, 280, 410]</P>
    <P Name="ZOrder">433</P>
  </Block>
  <Block BlockType="Demux" Name="Demux1" SID="437">
    <PortCounts in="1" out="4"/>
    <P Name="Position">[275, 25, 280, 185]</P>
    <P Name="ZOrder">472</P>
  </Block>
  <Block BlockType="From" Name="From" SID="707">
    <P Name="Position">[490, 725, 585, 755]</P>
    <P Name="ZOrder">586</P>
    <P Name="GotoTag">torquebox_data</P>
  </Block>
  <Block BlockType="From" Name="From1" SID="709">
    <P Name="Position">[480, 965, 575, 995]</P>
    <P Name="ZOrder">587</P>
    <P Name="GotoTag">torquebox_data</P>
  </Block>
  <Block BlockType="From" Name="From10" SID="499">
    <P Name="Position">[520, 690, 560, 720]</P>
    <P Name="ZOrder">513</P>
    <P Name="GotoTag">dw_dt</P>
  </Block>
  <Block BlockType="From" Name="From11" SID="508">
    <P Name="Position">[525, 930, 565, 960]</P>
    <P Name="ZOrder">523</P>
    <P Name="GotoTag">dw_dt</P>
  </Block>
  <Block BlockType="From" Name="From12" SID="509">
    <P Name="Position">[525, 825, 565, 855]</P>
    <P Name="ZOrder">520</P>
    <P Name="GotoTag">TC_W2</P>
  </Block>
  <Block BlockType="From" Name="From13" SID="510">
    <P Name="Position">[525, 860, 565, 890]</P>
    <P Name="ZOrder">521</P>
    <P Name="GotoTag">w0_W2</P>
  </Block>
  <Block BlockType="From" Name="From14" SID="511">
    <P Name="Position">[525, 895, 565, 925]</P>
    <P Name="ZOrder">522</P>
    <P Name="GotoTag">w_t</P>
  </Block>
  <Block BlockType="From" Name="From15" SID="550">
    <P Name="Position">[525, 1200, 565, 1230]</P>
    <P Name="ZOrder">533</P>
    <P Name="GotoTag">dw_dt</P>
  </Block>
  <Block BlockType="From" Name="From16" SID="551">
    <P Name="Position">[530, 1095, 570, 1125]</P>
    <P Name="ZOrder">530</P>
    <P Name="GotoTag">TC_W3</P>
  </Block>
  <Block BlockType="From" Name="From17" SID="552">
    <P Name="Position">[530, 1130, 570, 1160]</P>
    <P Name="ZOrder">531</P>
    <P Name="GotoTag">w0_W3</P>
  </Block>
  <Block BlockType="From" Name="From18" SID="553">
    <P Name="Position">[525, 1165, 565, 1195]</P>
    <P Name="ZOrder">532</P>
    <P Name="GotoTag">w_t</P>
  </Block>
  <Block BlockType="From" Name="From19" SID="592">
    <P Name="Position">[525, 1470, 565, 1500]</P>
    <P Name="ZOrder">543</P>
    <P Name="GotoTag">dw_dt</P>
  </Block>
  <Block BlockType="From" Name="From2" SID="711">
    <P Name="Position">[470, 1235, 565, 1265]</P>
    <P Name="ZOrder">588</P>
    <P Name="GotoTag">torquebox_data</P>
  </Block>
  <Block BlockType="From" Name="From20" SID="593">
    <P Name="Position">[525, 1365, 565, 1395]</P>
    <P Name="ZOrder">540</P>
    <P Name="GotoTag">TC_W4</P>
  </Block>
  <Block BlockType="From" Name="From21" SID="594">
    <P Name="Position">[525, 1400, 565, 1430]</P>
    <P Name="ZOrder">541</P>
    <P Name="GotoTag">w0_W4</P>
  </Block>
  <Block BlockType="From" Name="From22" SID="595">
    <P Name="Position">[525, 1435, 565, 1465]</P>
    <P Name="ZOrder">542</P>
    <P Name="GotoTag">w_t</P>
  </Block>
  <Block BlockType="From" Name="From23" SID="642">
    <P Name="Position">[1085, 30, 1160, 60]</P>
    <P Name="ZOrder">550</P>
    <P Name="GotoTag">T_W1_BODY</P>
    <PortProperties>
      <Port Type="out" Index="1">
        <P Name="PropagatedSignals">wheel&apos;s 1 torque in body frame</P>
      </Port>
    </PortProperties>
  </Block>
  <Block BlockType="From" Name="From24" SID="643">
    <P Name="Position">[1085, 75, 1160, 105]</P>
    <P Name="ZOrder">551</P>
    <P Name="GotoTag">T_W2_BODY</P>
    <PortProperties>
      <Port Type="out" Index="1">
        <P Name="PropagatedSignals">wheel&apos;s 2 torque in body frame</P>
      </Port>
    </PortProperties>
  </Block>
  <Block BlockType="From" Name="From25" SID="644">
    <P Name="Position">[1085, 120, 1160, 150]</P>
    <P Name="ZOrder">552</P>
    <P Name="GotoTag">T_W3_BODY</P>
    <PortProperties>
      <Port Type="out" Index="1">
        <P Name="PropagatedSignals">wheel&apos;s 3 torque in body frame</P>
      </Port>
    </PortProperties>
  </Block>
  <Block BlockType="From" Name="From26" SID="645">
    <P Name="Position">[1085, 165, 1160, 195]</P>
    <P Name="ZOrder">553</P>
    <P Name="GotoTag">T_W4_BODY</P>
    <PortProperties>
      <Port Type="out" Index="1">
        <P Name="PropagatedSignals">wheel&apos;s 4 torque in body frame</P>
      </Port>
    </PortProperties>
  </Block>
  <Block BlockType="From" Name="From27" SID="648">
    <P Name="Position">[1085, 245, 1160, 275]</P>
    <P Name="ZOrder">556</P>
    <P Name="GotoTag">H_W1_BODY</P>
    <PortProperties>
      <Port Type="out" Index="1">
        <P Name="PropagatedSignals">wheel&apos;s 1 momentum in body frame</P>
      </Port>
    </PortProperties>
  </Block>
  <Block BlockType="From" Name="From28" SID="649">
    <P Name="Position">[1085, 290, 1160, 320]</P>
    <P Name="ZOrder">557</P>
    <P Name="GotoTag">H_W2_BODY</P>
    <PortProperties>
      <Port Type="out" Index="1">
        <P Name="PropagatedSignals">wheel&apos;s 2 momentum in body frame</P>
      </Port>
    </PortProperties>
  </Block>
  <Block BlockType="From" Name="From29" SID="650">
    <P Name="Position">[1085, 335, 1160, 365]</P>
    <P Name="ZOrder">558</P>
    <P Name="GotoTag">H_W3_BODY</P>
    <PortProperties>
      <Port Type="out" Index="1">
        <P Name="PropagatedSignals">wheel&apos;s 3 momentum in body frame</P>
      </Port>
    </PortProperties>
  </Block>
  <Block BlockType="From" Name="From3" SID="713">
    <P Name="Position">[470, 1505, 565, 1535]</P>
    <P Name="ZOrder">589</P>
    <P Name="GotoTag">torquebox_data</P>
  </Block>
  <Block BlockType="From" Name="From30" SID="651">
    <P Name="Position">[1085, 380, 1160, 410]</P>
    <P Name="ZOrder">559</P>
    <P Name="GotoTag">H_W4_BODY</P>
  </Block>
  <Block BlockType="From" Name="From31" SID="654">
    <P Name="Position">[1140, 580, 1215, 610]</P>
    <P Name="ZOrder">562</P>
    <P Name="GotoTag">Ta_W1</P>
  </Block>
  <Block BlockType="From" Name="From32" SID="655">
    <P Name="Position">[1140, 620, 1215, 650]</P>
    <P Name="ZOrder">563</P>
    <P Name="GotoTag">Ta_W2</P>
  </Block>
  <Block BlockType="From" Name="From33" SID="656">
    <P Name="Position">[1140, 660, 1215, 690]</P>
    <P Name="ZOrder">564</P>
    <P Name="GotoTag">Ta_W3</P>
  </Block>
  <Block BlockType="From" Name="From34" SID="657">
    <P Name="Position">[1140, 700, 1215, 730]</P>
    <P Name="ZOrder">565</P>
    <P Name="GotoTag">Ta_W4</P>
  </Block>
  <Block BlockType="From" Name="From35" SID="659">
    <P Name="Position">[1140, 800, 1215, 830]</P>
    <P Name="ZOrder">567</P>
    <P Name="GotoTag">H_W1_w</P>
    <PortProperties>
      <Port Type="out" Index="1">
        <P Name="PropagatedSignals">H_W1_wheel only</P>
      </Port>
    </PortProperties>
  </Block>
  <Block BlockType="From" Name="From36" SID="660">
    <P Name="Position">[1140, 840, 1215, 870]</P>
    <P Name="ZOrder">568</P>
    <P Name="GotoTag">H_W2_w</P>
    <PortProperties>
      <Port Type="out" Index="1">
        <P Name="PropagatedSignals">H_W2_wheel only</P>
      </Port>
    </PortProperties>
  </Block>
  <Block BlockType="From" Name="From37" SID="661">
    <P Name="Position">[1140, 880, 1215, 910]</P>
    <P Name="ZOrder">569</P>
    <P Name="GotoTag">H_W3_w</P>
    <PortProperties>
      <Port Type="out" Index="1">
        <P Name="PropagatedSignals">H_W3_wheel only</P>
      </Port>
    </PortProperties>
  </Block>
  <Block BlockType="From" Name="From38" SID="662">
    <P Name="Position">[1140, 920, 1215, 950]</P>
    <P Name="ZOrder">570</P>
    <P Name="GotoTag">H_W4_w</P>
    <PortProperties>
      <Port Type="out" Index="1">
        <P Name="PropagatedSignals">H_W1_wheel only</P>
      </Port>
    </PortProperties>
  </Block>
  <Block BlockType="From" Name="From7" SID="491">
    <P Name="Position">[520, 585, 560, 615]</P>
    <P Name="ZOrder">506</P>
    <P Name="GotoTag">TC_W1</P>
  </Block>
  <Block BlockType="From" Name="From8" SID="492">
    <P Name="Position">[520, 620, 560, 650]</P>
    <P Name="ZOrder">507</P>
    <P Name="GotoTag">w0_W1</P>
  </Block>
  <Block BlockType="From" Name="From9" SID="496">
    <P Name="Position">[520, 655, 560, 685]</P>
    <P Name="ZOrder">510</P>
    <P Name="GotoTag">w_t</P>
  </Block>
  <Block BlockType="Goto" Name="Goto" SID="705">
    <P Name="Position">[140, 735, 235, 765]</P>
    <P Name="ZOrder">584</P>
    <P Name="GotoTag">torquebox_data</P>
  </Block>
  <Block BlockType="Goto" Name="Goto10" SID="501">
    <P Name="Position">[1015, 565, 1090, 595]</P>
    <P Name="ZOrder">515</P>
    <P Name="GotoTag">Ta_W1</P>
  </Block>
  <Block BlockType="Goto" Name="Goto11" SID="502">
    <P Name="Position">[1015, 615, 1090, 645]</P>
    <P Name="ZOrder">516</P>
    <P Name="GotoTag">H_W1_w</P>
  </Block>
  <Block BlockType="Goto" Name="Goto12" SID="503">
    <P Name="Position">[1015, 665, 1090, 695]</P>
    <P Name="ZOrder">517</P>
    <P Name="GotoTag">T_W1_BODY</P>
  </Block>
  <Block BlockType="Goto" Name="Goto13" SID="504">
    <P Name="Position">[1015, 715, 1090, 745]</P>
    <P Name="ZOrder">518</P>
    <P Name="GotoTag">H_W1_BODY</P>
  </Block>
  <Block BlockType="Goto" Name="Goto14" SID="512">
    <P Name="Position">[1025, 805, 1100, 835]</P>
    <P Name="ZOrder">525</P>
    <P Name="GotoTag">Ta_W2</P>
  </Block>
  <Block BlockType="Goto" Name="Goto15" SID="513">
    <P Name="Position">[1025, 855, 1100, 885]</P>
    <P Name="ZOrder">526</P>
    <P Name="GotoTag">H_W2_w</P>
  </Block>
  <Block BlockType="Goto" Name="Goto16" SID="514">
    <P Name="Position">[1025, 905, 1100, 935]</P>
    <P Name="ZOrder">527</P>
    <P Name="GotoTag">T_W2_BODY</P>
  </Block>
  <Block BlockType="Goto" Name="Goto17" SID="515">
    <P Name="Position">[1025, 955, 1100, 985]</P>
    <P Name="ZOrder">528</P>
    <P Name="GotoTag">H_W2_BODY</P>
  </Block>
  <Block BlockType="Goto" Name="Goto18" SID="554">
    <P Name="Position">[1025, 1075, 1100, 1105]</P>
    <P Name="ZOrder">535</P>
    <P Name="GotoTag">Ta_W3</P>
  </Block>
  <Block BlockType="Goto" Name="Goto19" SID="555">
    <P Name="Position">[1025, 1125, 1100, 1155]</P>
    <P Name="ZOrder">536</P>
    <P Name="GotoTag">H_W3_w</P>
  </Block>
  <Block BlockType="Goto" Name="Goto20" SID="556">
    <P Name="Position">[1035, 1175, 1110, 1205]</P>
    <P Name="ZOrder">537</P>
    <P Name="GotoTag">T_W3_BODY</P>
  </Block>
  <Block BlockType="Goto" Name="Goto21" SID="557">
    <P Name="Position">[1035, 1225, 1110, 1255]</P>
    <P Name="ZOrder">538</P>
    <P Name="GotoTag">H_W3_BODY</P>
  </Block>
  <Block BlockType="Goto" Name="Goto22" SID="596">
    <P Name="Position">[1025, 1335, 1100, 1365]</P>
    <P Name="ZOrder">545</P>
    <P Name="GotoTag">Ta_W4</P>
  </Block>
  <Block BlockType="Goto" Name="Goto23" SID="597">
    <P Name="Position">[1025, 1390, 1100, 1420]</P>
    <P Name="ZOrder">546</P>
    <P Name="GotoTag">H_W4_w</P>
  </Block>
  <Block BlockType="Goto" Name="Goto24" SID="598">
    <P Name="Position">[1025, 1445, 1100, 1475]</P>
    <P Name="ZOrder">547</P>
    <P Name="GotoTag">T_W4_BODY</P>
  </Block>
  <Block BlockType="Goto" Name="Goto25" SID="599">
    <P Name="Position">[1025, 1500, 1100, 1530]</P>
    <P Name="ZOrder">548</P>
    <P Name="GotoTag">H_W4_BODY</P>
  </Block>
  <Block BlockType="Goto" Name="Goto4" SID="495">
    <P Name="Position">[160, 515, 200, 545]</P>
    <P Name="ZOrder">509</P>
    <P Name="GotoTag">w_t</P>
  </Block>
  <Block BlockType="Goto" Name="Goto5" SID="459">
    <P Name="Position">[440, 220, 480, 250]</P>
    <P Name="ZOrder">494</P>
    <P Name="GotoTag">w0_W1</P>
  </Block>
  <Block BlockType="Goto" Name="Goto6" SID="460">
    <P Name="Position">[440, 270, 480, 300]</P>
    <P Name="ZOrder">495</P>
    <P Name="GotoTag">w0_W2</P>
  </Block>
  <Block BlockType="Goto" Name="Goto7" SID="461">
    <P Name="Position">[440, 320, 480, 350]</P>
    <P Name="ZOrder">496</P>
    <P Name="GotoTag">w0_W3</P>
  </Block>
  <Block BlockType="Goto" Name="Goto8" SID="462">
    <P Name="Position">[440, 370, 480, 400]</P>
    <P Name="ZOrder">497</P>
    <P Name="GotoTag">w0_W4</P>
  </Block>
  <Block BlockType="Goto" Name="Goto9" SID="498">
    <P Name="Position">[160, 625, 200, 655]</P>
    <P Name="ZOrder">512</P>
    <P Name="GotoTag">dw_dt</P>
  </Block>
  <Block BlockType="Mux" Name="Mux1" SID="653">
    <PortCounts in="4" out="1"/>
    <P Name="Position">[1335, 578, 1340, 732]</P>
    <P Name="ZOrder">561</P>
    <P Name="DisplayOption">bar</P>
  </Block>
  <Block BlockType="Mux" Name="Mux2" SID="658">
    <PortCounts in="4" out="1"/>
    <P Name="Position">[1335, 798, 1340, 952]</P>
    <P Name="ZOrder">566</P>
    <P Name="DisplayOption">bar</P>
  </Block>
  <Block BlockType="Gain" Name="Psuedo-inverse" SID="325">
    <P Name="Position">[150, 80, 200, 130]</P>
    <P Name="ZOrder">426</P>
    <P Name="Gain">Params.Winv</P>
    <P Name="Multiplication">Matrix(K*u) (u vector)</P>
  </Block>
  <Block BlockType="SubSystem" Name="RW1" SID="470">
    <PortCounts in="6" out="4"/>
    <P Name="Position">[715, 551, 925, 754]</P>
    <P Name="ZOrder">505</P>
    <P Name="BackgroundColor">green</P>
    <P Name="ContentPreviewEnabled">on</P>
    <PortProperties>
      <Port Type="out" Index="2">
        <P Name="PropagatedSignals">H_W1_wheel only</P>
      </Port>
      <Port Type="out" Index="3">
        <P Name="PropagatedSignals">wheel&apos;s 1 torque in body frame</P>
      </Port>
      <Port Type="out" Index="4">
        <P Name="PropagatedSignals">wheel&apos;s 1 momentum in body frame</P>
      </Port>
    </PortProperties>
    <System Ref="system_470"/>
  </Block>
  <Block BlockType="SubSystem" Name="RW2" SID="516">
    <PortCounts in="6" out="5"/>
    <P Name="Position">[720, 793, 920, 992]</P>
    <P Name="ZOrder">519</P>
    <P Name="BackgroundColor">green</P>
    <P Name="ContentPreviewEnabled">on</P>
    <PortProperties>
      <Port Type="out" Index="2">
        <P Name="PropagatedSignals">H_W2_wheel only</P>
      </Port>
      <Port Type="out" Index="3">
        <P Name="PropagatedSignals">wheel&apos;s 2 torque in body frame</P>
      </Port>
      <Port Type="out" Index="4">
        <P Name="PropagatedSignals">wheel&apos;s 2 momentum in body frame</P>
      </Port>
    </PortProperties>
    <System Ref="system_516"/>
  </Block>
  <Block BlockType="SubSystem" Name="RW3" SID="558">
    <PortCounts in="6" out="4"/>
    <P Name="Position">[715, 1058, 920, 1267]</P>
    <P Name="ZOrder">529</P>
    <P Name="BackgroundColor">green</P>
    <P Name="ContentPreviewEnabled">on</P>
    <PortProperties>
      <Port Type="out" Index="2">
        <P Name="PropagatedSignals">H_W3_wheel only</P>
      </Port>
      <Port Type="out" Index="3">
        <P Name="PropagatedSignals">wheel&apos;s 3 torque in body frame</P>
      </Port>
      <Port Type="out" Index="4">
        <P Name="PropagatedSignals">wheel&apos;s 3 momentum in body frame</P>
      </Port>
    </PortProperties>
    <System Ref="system_558"/>
  </Block>
  <Block BlockType="SubSystem" Name="RW4" SID="600">
    <PortCounts in="6" out="4"/>
    <P Name="Position">[715, 1325, 920, 1540]</P>
    <P Name="ZOrder">539</P>
    <P Name="BackgroundColor">green</P>
    <P Name="ContentPreviewEnabled">on</P>
    <PortProperties>
      <Port Type="out" Index="2">
        <P Name="PropagatedSignals">H_W1_wheel only</P>
      </Port>
      <Port Type="out" Index="3">
        <P Name="PropagatedSignals">wheel&apos;s 4 torque in body frame</P>
      </Port>
    </PortProperties>
    <System Ref="system_600"/>
  </Block>
  <Block BlockType="Scope" Name="Scope" SID="813">
    <PortCounts in="1"/>
    <P Name="Position">[1175, 1014, 1205, 1046]</P>
    <P Name="ZOrder">592</P>
    <P Name="ScopeSpecificationString">Simulink.scopes.TimeScopeBlockCfg(&apos;CurrentConfiguration&apos;, extmgr.ConfigurationSet(extmgr.Configuration(&apos;Core&apos;,&apos;General UI&apos;,true),extmgr.Configuration(&apos;Core&apos;,&apos;Source UI&apos;,true),extmgr.Configuration(&apos;Sources&apos;,&apos;WiredSimulink&apos;,true,&apos;DataLoggingVariableName&apos;,&apos;ScopeData1&apos;),extmgr.Configuration(&apos;Visuals&apos;,&apos;Time Domain&apos;,true,&apos;SerializedDisplays&apos;,{struct(&apos;MinYLimReal&apos;,&apos;-1263.56739&apos;,&apos;MaxYLimReal&apos;,&apos;1842.16814&apos;,&apos;YLabelReal&apos;,&apos;&apos;,&apos;MinYLimMag&apos;,&apos;  0.00000&apos;,&apos;MaxYLimMag&apos;,&apos;1842.16814&apos;,&apos;LegendVisibility&apos;,&apos;off&apos;,&apos;XGrid&apos;,true,&apos;YGrid&apos;,true,&apos;PlotMagPhase&apos;,false,&apos;AxesColor&apos;,[0 0 0],&apos;AxesTickColor&apos;,[0.686274509803922 0.686274509803922 0.686274509803922],&apos;ColorOrder&apos;,[1 1 0.0666666666666667;0.0745098039215686 0.623529411764706 1;1 0.411764705882353 0.16078431372549;0.392156862745098 0.831372549019608 0.0745098039215686;0.717647058823529 0.274509803921569 1;0.0588235294117647 1 1;1 0.0745098039215686 0.650980392156863],&apos;Title&apos;,&apos;%&lt;SignalLabel&gt;&apos;,&apos;LinePropertiesCache&apos;,{{}},&apos;UserDefinedChannelNames&apos;,{{}},&apos;NumLines&apos;,1,&apos;LineNames&apos;,{{&apos;RW2/5&apos;}},&apos;ShowContent&apos;,true,&apos;Placement&apos;,1)},&apos;DisplayPropertyDefaults&apos;,struct(&apos;MinYLimReal&apos;,&apos;-1263.56739&apos;,&apos;MaxYLimReal&apos;,&apos;1842.16814&apos;,&apos;YLabelReal&apos;,&apos;&apos;,&apos;MinYLimMag&apos;,&apos;  0.00000&apos;,&apos;MaxYLimMag&apos;,&apos;1842.16814&apos;,&apos;LegendVisibility&apos;,&apos;off&apos;,&apos;XGrid&apos;,true,&apos;YGrid&apos;,true,&apos;PlotMagPhase&apos;,false,&apos;AxesColor&apos;,[0 0 0],&apos;AxesTickColor&apos;,[0.686274509803922 0.686274509803922 0.686274509803922],&apos;ColorOrder&apos;,[0.0745098039215686 0.623529411764706 1;1 0.411764705882353 0.16078431372549;1 1 0.0666666666666667;0.717647058823529 0.274509803921569 1;0.392156862745098 0.831372549019608 0.0745098039215686;0.0588235294117647 1 1;1 0.0745098039215686 0.650980392156863])),extmgr.Configuration(&apos;Tools&apos;,&apos;Plot Navigation&apos;,true,&apos;OnceAtStop&apos;,false),extmgr.Configuration(&apos;Tools&apos;,&apos;Measurements&apos;,true,&apos;Measurements&apos;,struct(&apos;tcursors&apos;,struct(&apos;XCoordinates&apos;,[64.6186971828877 68.8590604026848],&apos;YCoordinates&apos;,[1531.56215754202 1100.56171226717],&apos;CursorChannels&apos;,[1 1],&apos;WaveformCursors&apos;,true,&apos;ShowHorizontal&apos;,false,&apos;ShowVertical&apos;,true,&apos;LockCursorSpacing&apos;,false,&apos;SnapToData&apos;,false,&apos;SettingsPanelOpen&apos;,0,&apos;MeasurementsPanelOpen&apos;,1)),&apos;Version&apos;,&apos;2022b&apos;)),&apos;Version&apos;,&apos;2022b&apos;,&apos;Position&apos;,[1 41 2560 1323])</P>
    <P Name="NumInputPorts">1</P>
    <P Name="Floating">off</P>
  </Block>
  <Block BlockType="Goto" Name="TC_W1" SID="438">
    <P Name="Position">[445, 30, 485, 60]</P>
    <P Name="ZOrder">473</P>
    <P Name="GotoTag">TC_W1</P>
  </Block>
  <Block BlockType="Goto" Name="TC_W2" SID="439">
    <P Name="Position">[445, 70, 485, 100]</P>
    <P Name="ZOrder">474</P>
    <P Name="GotoTag">TC_W2</P>
  </Block>
  <Block BlockType="Goto" Name="TC_W3" SID="440">
    <P Name="Position">[445, 110, 485, 140]</P>
    <P Name="ZOrder">475</P>
    <P Name="GotoTag">TC_W3</P>
  </Block>
  <Block BlockType="Goto" Name="TC_W4" SID="441">
    <P Name="Position">[445, 150, 485, 180]</P>
    <P Name="ZOrder">476</P>
    <P Name="GotoTag">TC_W4</P>
  </Block>
  <Block BlockType="Outport" Name="T_Wheels_Body" SID="676">
    <P Name="Position">[1470, 108, 1500, 122]</P>
    <P Name="ZOrder">579</P>
  </Block>
  <Block BlockType="Outport" Name="H_Wheels_Body" SID="677">
    <P Name="Position">[1470, 323, 1500, 337]</P>
    <P Name="ZOrder">580</P>
    <P Name="Port">2</P>
  </Block>
  <Block BlockType="Outport" Name="T_wheels_only" SID="678">
    <P Name="Position">[1470, 648, 1500, 662]</P>
    <P Name="ZOrder">581</P>
    <P Name="Port">3</P>
  </Block>
  <Block BlockType="Outport" Name="H_wheels_only" SID="679">
    <P Name="Position">[1465, 868, 1495, 882]</P>
    <P Name="ZOrder">582</P>
    <P Name="Port">4</P>
  </Block>
  <Block BlockType="Outport" Name="Tc_W" SID="729">
    <P Name="Position">[265, -27, 295, -13]</P>
    <P Name="ZOrder">590</P>
    <P Name="Port">5</P>
  </Block>
  <Line>
    <P Name="ZOrder">318</P>
    <P Name="Src">516#out:3</P>
    <P Name="Points">[34, 0; 0, 25]</P>
    <P Name="Dst">514#in:1</P>
  </Line>
  <Line>
    <P Name="ZOrder">349</P>
    <P Name="Src">648#out:1</P>
    <P Name="Dst">647#in:1</P>
  </Line>
  <Line>
    <P Name="ZOrder">374</P>
    <P Name="Src">673#out:1</P>
    <P Name="Dst">516#in:1</P>
  </Line>
  <Line>
    <P Name="ZOrder">378</P>
    <P Name="Src">647#out:1</P>
    <P Name="Dst">677#in:1</P>
  </Line>
  <Line>
    <P Name="ZOrder">306</P>
    <P Name="Src">491#out:1</P>
    <P Name="Dst">470#in:2</P>
  </Line>
  <Line>
    <P Name="ZOrder">304</P>
    <P Name="Src">332#out:3</P>
    <P Name="Dst">461#in:1</P>
  </Line>
  <Line>
    <P Name="ZOrder">372</P>
    <P Name="Src">671#out:1</P>
    <P Name="Dst">498#in:1</P>
  </Line>
  <Line>
    <P Name="ZOrder">369</P>
    <P Name="Src">668#out:1</P>
    <P Name="Dst">325#in:1</P>
  </Line>
  <Line>
    <P Name="ZOrder">319</P>
    <P Name="Src">516#out:2</P>
    <P Name="Points">[52, 0; 0, 15]</P>
    <P Name="Dst">513#in:1</P>
  </Line>
  <Line>
    <P Name="ZOrder">375</P>
    <P Name="Src">674#out:1</P>
    <P Name="Dst">558#in:1</P>
  </Line>
  <Line>
    <P Name="ZOrder">370</P>
    <P Name="Src">669#out:1</P>
    <P Name="Dst">332#in:1</P>
  </Line>
  <Line>
    <P Name="ZOrder">350</P>
    <P Name="Src">649#out:1</P>
    <P Name="Dst">647#in:2</P>
  </Line>
  <Line>
    <P Name="ZOrder">263</P>
    <P Name="Src">325#out:1</P>
    <P Name="Points">[21, 0]</P>
    <Branch>
      <P Name="ZOrder">450</P>
      <P Name="Points">[0, -125]</P>
      <P Name="Dst">729#in:1</P>
    </Branch>
    <Branch>
      <P Name="ZOrder">449</P>
      <P Name="Dst">437#in:1</P>
    </Branch>
  </Line>
  <Line>
    <P Name="ZOrder">373</P>
    <P Name="Src">672#out:1</P>
    <P Name="Dst">470#in:1</P>
  </Line>
  <Line>
    <P Name="ZOrder">309</P>
    <P Name="Src">496#out:1</P>
    <P Name="Dst">470#in:4</P>
  </Line>
  <Line>
    <P Name="ZOrder">341</P>
    <P Name="Src">595#out:1</P>
    <P Name="Dst">600#in:4</P>
  </Line>
  <Line>
    <P Name="ZOrder">325</P>
    <P Name="Src">509#out:1</P>
    <P Name="Dst">516#in:2</P>
  </Line>
  <Line>
    <P Name="ZOrder">267</P>
    <P Name="Src">437#out:4</P>
    <P Name="Dst">441#in:1</P>
  </Line>
  <Line>
    <P Name="ZOrder">333</P>
    <P Name="Src">558#out:3</P>
    <P Name="Dst">556#in:1</P>
  </Line>
  <Line>
    <P Name="ZOrder">316</P>
    <P Name="Src">470#out:4</P>
    <P Name="Dst">504#in:1</P>
  </Line>
  <Line>
    <P Name="ZOrder">345</P>
    <P Name="Src">643#out:1</P>
    <P Name="Dst">641#in:2</P>
  </Line>
  <Line>
    <P Name="ZOrder">317</P>
    <P Name="Src">516#out:4</P>
    <P Name="Points">[17, 0; 0, 35]</P>
    <P Name="Dst">515#in:1</P>
  </Line>
  <Line>
    <P Name="ZOrder">357</P>
    <P Name="Src">655#out:1</P>
    <P Name="Dst">653#in:2</P>
  </Line>
  <Line>
    <P Name="ZOrder">329</P>
    <P Name="Src">550#out:1</P>
    <P Name="Dst">558#in:5</P>
  </Line>
  <Line>
    <P Name="ZOrder">323</P>
    <P Name="Src">511#out:1</P>
    <P Name="Dst">516#in:4</P>
  </Line>
  <Line>
    <P Name="ZOrder">352</P>
    <P Name="Src">651#out:1</P>
    <P Name="Dst">647#in:4</P>
  </Line>
  <Line>
    <P Name="ZOrder">336</P>
    <P Name="Src">600#out:3</P>
    <P Name="Dst">598#in:1</P>
  </Line>
  <Line>
    <P Name="ZOrder">364</P>
    <P Name="Src">662#out:1</P>
    <P Name="Dst">658#in:4</P>
  </Line>
  <Line>
    <P Name="ZOrder">332</P>
    <P Name="Src">558#out:2</P>
    <P Name="Dst">555#in:1</P>
  </Line>
  <Line>
    <P Name="ZOrder">315</P>
    <P Name="Src">470#out:3</P>
    <P Name="Dst">503#in:1</P>
  </Line>
  <Line>
    <P Name="ZOrder">335</P>
    <P Name="Src">600#out:4</P>
    <P Name="Dst">599#in:1</P>
  </Line>
  <Line>
    <P Name="ZOrder">311</P>
    <P Name="Src">499#out:1</P>
    <P Name="Dst">470#in:5</P>
  </Line>
  <Line>
    <P Name="ZOrder">334</P>
    <P Name="Src">558#out:4</P>
    <P Name="Dst">557#in:1</P>
  </Line>
  <Line>
    <P Name="ZOrder">360</P>
    <P Name="Src">657#out:1</P>
    <P Name="Dst">653#in:4</P>
  </Line>
  <Line>
    <P Name="ZOrder">320</P>
    <P Name="Src">516#out:1</P>
    <P Name="Points">[69, 0; 0, 5]</P>
    <P Name="Dst">512#in:1</P>
  </Line>
  <Line>
    <P Name="ZOrder">264</P>
    <P Name="Src">437#out:1</P>
    <P Name="Dst">438#in:1</P>
  </Line>
  <Line>
    <P Name="ZOrder">356</P>
    <P Name="Src">654#out:1</P>
    <P Name="Dst">653#in:1</P>
  </Line>
  <Line>
    <P Name="ZOrder">371</P>
    <P Name="Src">670#out:1</P>
    <P Name="Dst">495#in:1</P>
  </Line>
  <Line>
    <P Name="ZOrder">337</P>
    <P Name="Src">600#out:2</P>
    <P Name="Dst">597#in:1</P>
  </Line>
  <Line>
    <P Name="ZOrder">347</P>
    <P Name="Src">645#out:1</P>
    <P Name="Dst">641#in:4</P>
  </Line>
  <Line>
    <P Name="ZOrder">305</P>
    <P Name="Src">332#out:4</P>
    <P Name="Dst">462#in:1</P>
  </Line>
  <Line>
    <P Name="ZOrder">324</P>
    <P Name="Src">510#out:1</P>
    <P Name="Dst">516#in:3</P>
  </Line>
  <Line>
    <P Name="ZOrder">340</P>
    <P Name="Src">592#out:1</P>
    <P Name="Dst">600#in:5</P>
  </Line>
  <Line>
    <P Name="ZOrder">326</P>
    <P Name="Src">551#out:1</P>
    <P Name="Dst">558#in:2</P>
  </Line>
  <Line>
    <P Name="ZOrder">266</P>
    <P Name="Src">437#out:3</P>
    <P Name="Dst">440#in:1</P>
  </Line>
  <Line>
    <P Name="ZOrder">322</P>
    <P Name="Src">508#out:1</P>
    <P Name="Dst">516#in:5</P>
  </Line>
  <Line>
    <P Name="ZOrder">376</P>
    <P Name="Src">675#out:1</P>
    <P Name="Dst">600#in:1</P>
  </Line>
  <Line>
    <P Name="ZOrder">363</P>
    <P Name="Src">661#out:1</P>
    <P Name="Dst">658#in:3</P>
  </Line>
  <Line>
    <P Name="ZOrder">314</P>
    <P Name="Src">470#out:2</P>
    <P Name="Dst">502#in:1</P>
  </Line>
  <Line>
    <P Name="ZOrder">328</P>
    <P Name="Src">553#out:1</P>
    <P Name="Dst">558#in:4</P>
  </Line>
  <Line>
    <P Name="ZOrder">343</P>
    <P Name="Src">593#out:1</P>
    <P Name="Dst">600#in:2</P>
  </Line>
  <Line>
    <P Name="ZOrder">307</P>
    <P Name="Src">492#out:1</P>
    <P Name="Dst">470#in:3</P>
  </Line>
  <Line>
    <P Name="ZOrder">313</P>
    <P Name="Src">470#out:1</P>
    <P Name="Dst">501#in:1</P>
  </Line>
  <Line>
    <P Name="ZOrder">283</P>
    <P Name="Src">332#out:1</P>
    <P Name="Dst">459#in:1</P>
  </Line>
  <Line>
    <P Name="ZOrder">331</P>
    <P Name="Src">558#out:1</P>
    <P Name="Dst">554#in:1</P>
  </Line>
  <Line>
    <P Name="ZOrder">265</P>
    <P Name="Src">437#out:2</P>
    <P Name="Dst">439#in:1</P>
  </Line>
  <Line>
    <P Name="ZOrder">303</P>
    <P Name="Src">332#out:2</P>
    <P Name="Dst">460#in:1</P>
  </Line>
  <Line>
    <P Name="ZOrder">346</P>
    <P Name="Src">644#out:1</P>
    <P Name="Dst">641#in:3</P>
  </Line>
  <Line>
    <P Name="ZOrder">361</P>
    <P Name="Src">659#out:1</P>
    <P Name="Dst">658#in:1</P>
  </Line>
  <Line>
    <P Name="ZOrder">377</P>
    <P Name="Src">641#out:1</P>
    <P Name="Dst">676#in:1</P>
  </Line>
  <Line>
    <P Name="ZOrder">327</P>
    <P Name="Src">552#out:1</P>
    <P Name="Dst">558#in:3</P>
  </Line>
  <Line>
    <P Name="ZOrder">342</P>
    <P Name="Src">594#out:1</P>
    <P Name="Dst">600#in:3</P>
  </Line>
  <Line>
    <P Name="ZOrder">338</P>
    <P Name="Src">600#out:1</P>
    <P Name="Dst">596#in:1</P>
  </Line>
  <Line>
    <P Name="ZOrder">362</P>
    <P Name="Src">660#out:1</P>
    <P Name="Dst">658#in:2</P>
  </Line>
  <Line>
    <P Name="ZOrder">351</P>
    <P Name="Src">650#out:1</P>
    <P Name="Dst">647#in:3</P>
  </Line>
  <Line>
    <P Name="ZOrder">344</P>
    <P Name="Src">642#out:1</P>
    <P Name="Dst">641#in:1</P>
  </Line>
  <Line>
    <P Name="ZOrder">359</P>
    <P Name="Src">656#out:1</P>
    <P Name="Dst">653#in:3</P>
  </Line>
  <Line>
    <P Name="ZOrder">381</P>
    <P Name="Src">704#out:1</P>
    <P Name="Dst">705#in:1</P>
  </Line>
  <Line>
    <P Name="ZOrder">382</P>
    <P Name="Src">707#out:1</P>
    <P Name="Dst">470#in:6</P>
  </Line>
  <Line>
    <P Name="ZOrder">383</P>
    <P Name="Src">709#out:1</P>
    <P Name="Dst">516#in:6</P>
  </Line>
  <Line>
    <P Name="ZOrder">384</P>
    <P Name="Src">711#out:1</P>
    <P Name="Dst">558#in:6</P>
  </Line>
  <Line>
    <P Name="ZOrder">385</P>
    <P Name="Src">713#out:1</P>
    <P Name="Dst">600#in:6</P>
  </Line>
  <Line>
    <P Name="ZOrder">514</P>
    <P Name="Src">653#out:1</P>
    <P Name="Dst">678#in:1</P>
  </Line>
  <Line>
    <P Name="ZOrder">516</P>
    <P Name="Src">516#out:5</P>
    <P Name="Points">[59, 0; 0, 55]</P>
    <P Name="Dst">813#in:1</P>
  </Line>
  <Line>
    <P Name="ZOrder">523</P>
    <P Name="Src">658#out:1</P>
    <P Name="Dst">679#in:1</P>
  </Line>
  <Annotation SID="765">
    <P Name="Name">+-0.03</P>
    <P Name="Position">[1385, 899, 1415, 914]</P>
    <P Name="InternalMargins">[0, 0, 0, 0]</P>
    <P Name="ZOrder">-1</P>
  </Annotation>
  <Annotation SID="764">
    <P Name="Name">Saturation of wheels</P>
    <P Name="Position">[1354, 836, 1446, 851]</P>
    <P Name="InternalMargins">[0, 0, 0, 0]</P>
    <P Name="ZOrder">-2</P>
  </Annotation>
</System>
