<?xml version="1.0" encoding="utf-8"?>
<System>
  <P Name="Location">[-1, -8, 2561, 1393]</P>
  <P Name="ZoomFactor">200</P>
  <Block BlockType="Inport" Name="dw1" SID="123">
    <P Name="Position">[120, 73, 150, 87]</P>
    <P Name="ZOrder">390</P>
  </Block>
  <Block BlockType="Derivative" Name="Derivative" SID="825">
    <P Name="Position">[245, 165, 275, 195]</P>
    <P Name="ZOrder">405</P>
  </Block>
  <Block BlockType="Gain" Name="Gain" SID="95">
    <P Name="Position">[195, 65, 225, 95]</P>
    <P Name="ZOrder">372</P>
    <P Name="Gain">kp</P>
  </Block>
  <Block BlockType="Gain" Name="Gain1" SID="96">
    <P Name="Position">[60, -10, 95, 20]</P>
    <P Name="ZOrder">373</P>
    <P Name="Gain">ki</P>
  </Block>
  <Block BlockType="Gain" Name="Gain2" SID="824">
    <P Name="Position">[195, 165, 225, 195]</P>
    <P Name="ZOrder">404</P>
    <P Name="Gain">kd</P>
  </Block>
  <Block BlockType="Integrator" Name="Integrator" SID="769">
    <PortCounts in="1" out="1"/>
    <P Name="Position">[115, -10, 145, 20]</P>
    <P Name="ZOrder">402</P>
  </Block>
  <Block BlockType="Sum" Name="Sum2" SID="108">
    <PortCounts in="3" out="1"/>
    <P Name="Position">[290, 30, 320, 60]</P>
    <P Name="ZOrder">385</P>
    <P Name="Inputs">+|+|+</P>
  </Block>
  <Block BlockType="InportShadow" Name="dw2" SID="767">
    <P Name="Position">[5, -2, 35, 12]</P>
    <P Name="ZOrder">401</P>
  </Block>
  <Block BlockType="InportShadow" Name="dw3" SID="823">
    <P Name="Position">[120, 173, 150, 187]</P>
    <P Name="ZOrder">403</P>
  </Block>
  <Block BlockType="Outport" Name="Tcx" SID="124">
    <P Name="Position">[410, 33, 440, 47]</P>
    <P Name="ZOrder">396</P>
  </Block>
  <Line>
    <P Name="ZOrder">117</P>
    <P Name="Src">108#out:1</P>
    <P Name="Points">[35, 0; 0, -5]</P>
    <P Name="Dst">124#in:1</P>
  </Line>
  <Line>
    <P Name="ZOrder">116</P>
    <P Name="Src">123#out:1</P>
    <P Name="Dst">95#in:1</P>
  </Line>
  <Line>
    <P Name="ZOrder">107</P>
    <P Name="Src">95#out:1</P>
    <P Name="Points">[28, 0; 0, -35]</P>
    <P Name="Dst">108#in:2</P>
  </Line>
  <Line>
    <P Name="ZOrder">127</P>
    <P Name="Src">96#out:1</P>
    <P Name="Dst">769#in:1</P>
  </Line>
  <Line>
    <P Name="ZOrder">126</P>
    <P Name="Src">767#out:1</P>
    <P Name="Dst">96#in:1</P>
  </Line>
  <Line>
    <P Name="ZOrder">129</P>
    <P Name="Src">769#out:1</P>
    <P Name="Points">[155, 0]</P>
    <P Name="Dst">108#in:1</P>
  </Line>
  <Line>
    <P Name="ZOrder">130</P>
    <P Name="Src">823#out:1</P>
    <P Name="Dst">824#in:1</P>
  </Line>
  <Line>
    <P Name="ZOrder">132</P>
    <P Name="Src">824#out:1</P>
    <P Name="Dst">825#in:1</P>
  </Line>
  <Line>
    <P Name="ZOrder">133</P>
    <P Name="Src">825#out:1</P>
    <P Name="Points">[25, 0]</P>
    <P Name="Dst">108#in:3</P>
  </Line>
  <Annotation SID="808">
    <P Name="Name">K_I</P>
    <P Name="Position">[36, -18, 52, -3]</P>
    <P Name="InternalMargins">[0, 0, 0, 0]</P>
    <P Name="ZOrder">-1</P>
  </Annotation>
  <Annotation SID="768">
    <P Name="Name">K_p</P>
    <P Name="Position">[159, 89, 178, 104]</P>
    <P Name="InternalMargins">[0, 0, 0, 0]</P>
    <P Name="ZOrder">-2</P>
  </Annotation>
</System>
