<?xml version="1.0" encoding="utf-8"?>
<System>
  <P Name="Location">[-1, -8, 2561, 1401]</P>
  <P Name="ZoomFactor">121</P>
  <Block BlockType="Inport" Name="T Torque [Nm]" SID="56">
    <P Name="Position">[-5, 58, 25, 72]</P>
    <P Name="ZOrder">292</P>
  </Block>
  <Block BlockType="Inport" Name="w0 [rad/sec]" SID="57">
    <P Name="Position">[-5, 88, 25, 102]</P>
    <P Name="ZOrder">293</P>
    <P Name="Port">2</P>
  </Block>
  <Block BlockType="Inport" Name="J inertia matrix [kg m^2]" SID="58">
    <P Name="Position">[-5, 118, 25, 132]</P>
    <P Name="ZOrder">294</P>
    <P Name="Port">3</P>
  </Block>
  <Block BlockType="Inport" Name="H_W_B Wheels angular momentum [Nms]" SID="697">
    <P Name="Position">[-10, 163, 20, 177]</P>
    <P Name="ZOrder">300</P>
    <P Name="Port">4</P>
  </Block>
  <Block BlockType="SubSystem" Name="Satellite Dynamics" SID="25">
    <PortCounts in="4" out="2"/>
    <P Name="Position">[110, 50, 285, 145]</P>
    <P Name="ZOrder">275</P>
    <P Name="BackgroundColor">[1.000000, 0.666667, 0.498039]</P>
    <P Name="ContentPreviewEnabled">on</P>
    <System Ref="system_25"/>
  </Block>
  <Block BlockType="Outport" Name="w(t) [rad/sec]" SID="60">
    <P Name="Position">[715, 23, 745, 37]</P>
    <P Name="ZOrder">297</P>
  </Block>
  <Block BlockType="Outport" Name="dw/dt [rad/sec]" SID="683">
    <P Name="Position">[445, 113, 475, 127]</P>
    <P Name="ZOrder">299</P>
    <P Name="Port">2</P>
  </Block>
  <Line>
    <P Name="ZOrder">61</P>
    <P Name="Src">58#out:1</P>
    <P Name="Points">[43, 0; 0, -15]</P>
    <P Name="Dst">25#in:3</P>
  </Line>
  <Line>
    <P Name="ZOrder">60</P>
    <P Name="Src">57#out:1</P>
    <P Name="Points">[46, 0; 0, -10]</P>
    <P Name="Dst">25#in:2</P>
  </Line>
  <Line>
    <P Name="ZOrder">50</P>
    <P Name="Src">25#out:1</P>
    <P Name="Points">[121, 0; 0, -45]</P>
    <P Name="Dst">60#in:1</P>
  </Line>
  <Line>
    <P Name="ZOrder">67</P>
    <P Name="Src">56#out:1</P>
    <P Name="Points">[38, 0; 0, -5]</P>
    <P Name="Dst">25#in:1</P>
  </Line>
  <Line>
    <P Name="ZOrder">76</P>
    <P Name="Src">25#out:2</P>
    <P Name="Dst">683#in:1</P>
  </Line>
  <Line>
    <P Name="ZOrder">77</P>
    <P Name="Src">697#out:1</P>
    <P Name="Points">[60, 0; 0, -35]</P>
    <P Name="Dst">25#in:4</P>
  </Line>
</System>
