<?xml version="1.0" encoding="utf-8"?>
<System>
  <P Name="Location">[223, 338, 826, 833]</P>
  <P Name="SIDHighWatermark">29</P>
  <Block BlockType="Inport" Name="Commanded_Torque" SID="625::1">
    <P Name="Position">[20, 101, 40, 119]</P>
    <P Name="ZOrder">-1</P>
  </Block>
  <Block BlockType="Inport" Name="Stored_Angular" SID="625::22">
    <P Name="Position">[20, 136, 40, 154]</P>
    <P Name="ZOrder">13</P>
    <P Name="Port">2</P>
    <PortProperties>
      <Port Type="out" Index="1">
        <P Name="PropagatedSignals">H_W1_wheel only</P>
      </Port>
    </PortProperties>
  </Block>
  <Block BlockType="Inport" Name="torquebox_data" SID="625::23">
    <P Name="Position">[20, 171, 40, 189]</P>
    <P Name="ZOrder">14</P>
    <P Name="Port">3</P>
  </Block>
  <Block BlockType="Demux" Name=" Demux " SID="625::28">
    <PortCounts in="1" out="1"/>
    <P Name="Position">[270, 230, 320, 270]</P>
    <P Name="ZOrder">19</P>
    <P Name="Outputs">1</P>
  </Block>
  <Block BlockType="S-Function" Name=" SFunction " SID="625::27">
    <P Name="Tag">Stateflow S-Function 5</P>
    <PortCounts in="3" out="2"/>
    <P Name="Position">[180, 100, 230, 180]</P>
    <P Name="ZOrder">18</P>
    <P Name="FunctionName">sf_sfun</P>
    <P Name="PortCounts">[3 2]</P>
    <P Name="SFunctionDeploymentMode">off</P>
    <P Name="EnableBusSupport">on</P>
    <P Name="SFcnIsStateOwnerBlock">off</P>
    <PortProperties>
      <Port Type="out" Index="2">
        <P Name="Name">Torque</P>
      </Port>
    </PortProperties>
  </Block>
  <Block BlockType="Terminator" Name=" Terminator " SID="625::29">
    <P Name="Position">[460, 241, 480, 259]</P>
    <P Name="ZOrder">20</P>
  </Block>
  <Block BlockType="Outport" Name="Torque" SID="625::5">
    <P Name="Position">[460, 101, 480, 119]</P>
    <P Name="ZOrder">-5</P>
  </Block>
  <Line>
    <P Name="ZOrder">18</P>
    <P Name="Src">625::1#out:1</P>
    <P Name="Dst">625::27#in:1</P>
  </Line>
  <Line>
    <P Name="ZOrder">19</P>
    <P Name="Src">625::22#out:1</P>
    <P Name="Dst">625::27#in:2</P>
  </Line>
  <Line>
    <P Name="ZOrder">20</P>
    <P Name="Src">625::23#out:1</P>
    <P Name="Dst">625::27#in:3</P>
  </Line>
  <Line>
    <P Name="Name">Torque</P>
    <P Name="ZOrder">21</P>
    <P Name="Labels">[0, 0]</P>
    <P Name="Src">625::27#out:2</P>
    <P Name="Dst">625::5#in:1</P>
  </Line>
  <Line>
    <P Name="ZOrder">22</P>
    <P Name="Src">625::28#out:1</P>
    <P Name="Dst">625::29#in:1</P>
  </Line>
  <Line>
    <P Name="ZOrder">23</P>
    <P Name="Src">625::27#out:1</P>
    <P Name="Points">[20, 0]</P>
    <P Name="Dst">625::28#in:1</P>
  </Line>
</System>
