<?xml version="1.0" encoding="utf-8"?>
<System>
  <P Name="Location">[-1, -8, 2561, 1393]</P>
  <P Name="ZoomFactor">149</P>
  <Block BlockType="Inport" Name="W1" SID="471">
    <P Name="Position">[20, 168, 50, 182]</P>
    <P Name="ZOrder">505</P>
  </Block>
  <Block BlockType="Inport" Name="Tc_W1" SID="472">
    <P Name="Position">[20, 68, 50, 82]</P>
    <P Name="ZOrder">506</P>
    <P Name="Port">2</P>
  </Block>
  <Block BlockType="Inport" Name="w0_W1" SID="474">
    <P Name="Position">[20, 488, 50, 502]</P>
    <P Name="ZOrder">508</P>
    <P Name="Port">3</P>
  </Block>
  <Block BlockType="Inport" Name="w_t" SID="475">
    <P Name="Position">[20, 243, 50, 257]</P>
    <P Name="ZOrder">509</P>
    <P Name="Port">4</P>
  </Block>
  <Block BlockType="Inport" Name="dw/dt" SID="473">
    <P Name="Position">[20, 123, 50, 137]</P>
    <P Name="ZOrder">507</P>
    <P Name="Port">5</P>
  </Block>
  <Block BlockType="Inport" Name="torquebox_data" SID="703">
    <P Name="Position">[450, 193, 480, 207]</P>
    <P Name="ZOrder">529</P>
    <P Name="Port">6</P>
  </Block>
  <Block BlockType="DotProduct" Name="Dot Product" SID="451">
    <P Name="Position">[170, 137, 200, 168]</P>
    <P Name="ZOrder">486</P>
    <P Name="OutDataTypeStr">Inherit: Inherit via internal rule</P>
  </Block>
  <Block BlockType="DotProduct" Name="Dot Product1" SID="468">
    <P Name="Position">[150, 227, 180, 258]</P>
    <P Name="ZOrder">503</P>
    <P Name="OutDataTypeStr">Inherit: Inherit via internal rule</P>
    <PortProperties>
      <Port Type="out" Index="1">
        <P Name="Name">Spacecraft contributionangular momentum</P>
      </Port>
    </PortProperties>
  </Block>
  <Block BlockType="From" Name="From" SID="479">
    <P Name="Position">[10, 575, 50, 605]</P>
    <P Name="ZOrder">513</P>
    <P Name="GotoTag">Ta_W1</P>
  </Block>
  <Block BlockType="From" Name="From1" SID="482">
    <P Name="Position">[5, 652, 55, 668]</P>
    <P Name="ZOrder">516</P>
    <P Name="GotoTag">T_W1_s</P>
    <PortProperties>
      <Port Type="out" Index="1">
        <P Name="PropagatedSignals">Spacecraft contribution Torque</P>
      </Port>
    </PortProperties>
  </Block>
  <Block BlockType="From" Name="From2" SID="487">
    <P Name="Position">[10, 787, 55, 803]</P>
    <P Name="ZOrder">521</P>
    <P Name="GotoTag">H_W1_s</P>
    <PortProperties>
      <Port Type="out" Index="1">
        <P Name="PropagatedSignals">Spacecraft contributionangular momentum</P>
      </Port>
    </PortProperties>
  </Block>
  <Block BlockType="From" Name="From3" SID="488">
    <P Name="Position">[5, 715, 80, 745]</P>
    <P Name="ZOrder">522</P>
    <P Name="GotoTag">H_W1_w</P>
    <PortProperties>
      <Port Type="out" Index="1">
        <P Name="PropagatedSignals">H_W1_wheel only</P>
      </Port>
    </PortProperties>
  </Block>
  <Block BlockType="From" Name="From7" SID="456">
    <P Name="Position">[20, 410, 60, 440]</P>
    <P Name="ZOrder">491</P>
    <P Name="GotoTag">Ta_W1</P>
  </Block>
  <Block BlockType="From" Name="From8" SID="465">
    <P Name="Position">[15, 300, 70, 330]</P>
    <P Name="ZOrder">500</P>
    <P Name="GotoTag">w_t_W1</P>
  </Block>
  <Block BlockType="Gain" Name="Gain" SID="452">
    <P Name="Position">[275, 140, 305, 170]</P>
    <P Name="ZOrder">487</P>
    <P Name="Gain">Params.Jw</P>
    <PortProperties>
      <Port Type="out" Index="1">
        <P Name="Name">Spacecraft contribution Torque</P>
      </Port>
    </PortProperties>
  </Block>
  <Block BlockType="Gain" Name="Gain1" SID="457">
    <P Name="Position">[170, 410, 200, 440]</P>
    <P Name="ZOrder">492</P>
    <P Name="Gain">1/Params.Jw</P>
    <PortProperties>
      <Port Type="out" Index="1">
        <P Name="Name">dw/dt_w1</P>
      </Port>
    </PortProperties>
  </Block>
  <Block BlockType="Gain" Name="Gain2" SID="469">
    <P Name="Position">[215, 300, 255, 330]</P>
    <P Name="ZOrder">504</P>
    <P Name="Gain">Params.Jw</P>
    <PortProperties>
      <Port Type="out" Index="1">
        <P Name="Name">H_W1_wheel only</P>
      </Port>
    </PortProperties>
  </Block>
  <Block BlockType="Gain" Name="Gain3" SID="505">
    <P Name="Position">[250, 605, 280, 635]</P>
    <P Name="ZOrder">525</P>
    <P Name="Gain">Params.W1</P>
  </Block>
  <Block BlockType="Gain" Name="Gain4" SID="506">
    <P Name="Position">[250, 755, 280, 785]</P>
    <P Name="ZOrder">526</P>
    <P Name="Gain">Params.W1</P>
  </Block>
  <Block BlockType="Gain" Name="Gain5" SID="737">
    <P Name="Position">[805, 115, 835, 145]</P>
    <P Name="ZOrder">530</P>
  </Block>
  <Block BlockType="Goto" Name="Goto" SID="480">
    <P Name="Position">[365, 207, 420, 223]</P>
    <P Name="ZOrder">514</P>
    <P Name="GotoTag">T_W1_s</P>
  </Block>
  <Block BlockType="Goto" Name="Goto1" SID="481">
    <P Name="Position">[370, 237, 415, 253]</P>
    <P Name="ZOrder">515</P>
    <P Name="GotoTag">H_W1_s</P>
  </Block>
  <Block BlockType="Goto" Name="Goto2" SID="486">
    <P Name="Position">[495, 300, 570, 330]</P>
    <P Name="ZOrder">520</P>
    <P Name="GotoTag">H_W1_w</P>
  </Block>
  <Block BlockType="Goto" Name="Goto4" SID="454">
    <P Name="Position">[925, 115, 1040, 145]</P>
    <P Name="ZOrder">489</P>
    <P Name="GotoTag">Ta_W1</P>
    <P Name="IconDisplay">Signal name</P>
  </Block>
  <Block BlockType="Goto" Name="Goto9" SID="464">
    <P Name="Position">[485, 440, 540, 470]</P>
    <P Name="ZOrder">499</P>
    <P Name="GotoTag">w_t_W1</P>
  </Block>
  <Block BlockType="Integrator" Name="Integrator" SID="458">
    <PortCounts in="2" out="1"/>
    <P Name="Position">[305, 424, 340, 486]</P>
    <P Name="ZOrder">493</P>
    <P Name="InitialConditionSource">external</P>
  </Block>
  <Block BlockType="SubSystem" Name="MATLAB Function" SID="436">
    <PortCounts in="3" out="1"/>
    <P Name="Position">[510, 21, 770, 239]</P>
    <P Name="ZOrder">471</P>
    <P Name="ErrorFcn">Stateflow.Translate.translate</P>
    <P Name="PermitHierarchicalResolution">ExplicitOnly</P>
    <P Name="TreatAsAtomicUnit">on</P>
    <P Name="SFBlockType">MATLAB Function</P>
    <P Name="ContentPreviewEnabled">on</P>
    <PortProperties>
      <Port Type="out" Index="1">
        <P Name="PropagatedSignals">Torque</P>
      </Port>
    </PortProperties>
    <System Ref="system_436"/>
  </Block>
  <Block BlockType="Reshape" Name="Reshape" SID="639">
    <PortCounts in="1" out="1"/>
    <P Name="Position">[320, 608, 350, 632]</P>
    <P Name="ZOrder">527</P>
    <P Name="OutputDimensionality">Column vector (2-D)</P>
    <PortProperties>
      <Port Type="out" Index="1">
        <P Name="Name">wheel&apos;s 1 torque in body frame</P>
      </Port>
    </PortProperties>
  </Block>
  <Block BlockType="Reshape" Name="Reshape1" SID="640">
    <PortCounts in="1" out="1"/>
    <P Name="Position">[320, 758, 350, 782]</P>
    <P Name="ZOrder">528</P>
    <P Name="OutputDimensionality">Column vector (2-D)</P>
    <PortProperties>
      <Port Type="out" Index="1">
        <P Name="Name">wheel&apos;s 1 momentum in body frame</P>
      </Port>
    </PortProperties>
  </Block>
  <Block BlockType="Saturate" Name="Saturation" SID="818">
    <P Name="Position">[385, 440, 415, 470]</P>
    <P Name="ZOrder">594</P>
    <P Name="UpperLimit">598</P>
    <P Name="LowerLimit">-598</P>
  </Block>
  <Block BlockType="Sum" Name="Sum" SID="484">
    <PortCounts in="2" out="1"/>
    <P Name="Position">[200, 610, 220, 630]</P>
    <P Name="ZOrder">518</P>
    <P Name="Inputs">+|+</P>
  </Block>
  <Block BlockType="Sum" Name="Sum1" SID="489">
    <PortCounts in="2" out="1"/>
    <P Name="Position">[210, 760, 230, 780]</P>
    <P Name="ZOrder">523</P>
    <P Name="Inputs">+|+</P>
  </Block>
  <Block BlockType="Sum" Name="Sum2" SID="453">
    <PortCounts in="2" out="1"/>
    <P Name="Position">[375, 65, 395, 85]</P>
    <P Name="ZOrder">488</P>
    <P Name="Inputs">|+-</P>
  </Block>
  <Block BlockType="Outport" Name="Ta_W1" SID="476">
    <P Name="Position">[950, 193, 980, 207]</P>
    <P Name="ZOrder">510</P>
  </Block>
  <Block BlockType="Outport" Name="H_W1_w" SID="478">
    <P Name="Position">[530, 378, 560, 392]</P>
    <P Name="ZOrder">512</P>
    <P Name="Port">2</P>
  </Block>
  <Block BlockType="Outport" Name="T_W1_BODY" SID="485">
    <P Name="Position">[530, 613, 560, 627]</P>
    <P Name="ZOrder">519</P>
    <P Name="Port">3</P>
  </Block>
  <Block BlockType="Outport" Name="H_W1_BODY" SID="490">
    <P Name="Position">[515, 763, 545, 777]</P>
    <P Name="ZOrder">524</P>
    <P Name="Port">4</P>
  </Block>
  <Line>
    <P Name="ZOrder">299</P>
    <P Name="Src">472#out:1</P>
    <P Name="Dst">453#in:1</P>
  </Line>
  <Line>
    <P Name="Name">Spacecraft contribution Torque</P>
    <P Name="ZOrder">278</P>
    <P Name="Src">452#out:1</P>
    <P Name="Points">[31, 0]</P>
    <Branch>
      <P Name="ZOrder">307</P>
      <P Name="Points">[44, 0]</P>
      <P Name="Dst">453#in:2</P>
    </Branch>
    <Branch>
      <P Name="ZOrder">305</P>
      <P Name="Labels">[1, 1]</P>
      <P Name="Points">[0, 60]</P>
      <P Name="Dst">480#in:1</P>
    </Branch>
  </Line>
  <Line>
    <P Name="ZOrder">300</P>
    <P Name="Src">473#out:1</P>
    <P Name="Points">[55, 0; 0, 15]</P>
    <P Name="Dst">451#in:1</P>
  </Line>
  <Line>
    <P Name="ZOrder">301</P>
    <P Name="Src">474#out:1</P>
    <P Name="Points">[123, 0; 0, -25]</P>
    <P Name="Dst">458#in:2</P>
  </Line>
  <Line>
    <P Name="ZOrder">279</P>
    <P Name="Src">453#out:1</P>
    <P Name="Points">[89, 0; 0, -15]</P>
    <P Name="Dst">436#in:1</P>
  </Line>
  <Line>
    <P Name="ZOrder">298</P>
    <P Name="Src">471#out:1</P>
    <P Name="Points">[53, 0]</P>
    <Branch>
      <P Name="ZOrder">310</P>
      <P Name="Points">[0, 60]</P>
      <P Name="Dst">468#in:1</P>
    </Branch>
    <Branch>
      <P Name="ZOrder">309</P>
      <P Name="Points">[0, -15]</P>
      <P Name="Dst">451#in:2</P>
    </Branch>
  </Line>
  <Line>
    <P Name="ZOrder">276</P>
    <P Name="Src">451#out:1</P>
    <P Name="Dst">452#in:1</P>
  </Line>
  <Line>
    <P Name="Name">H_W1_wheel only</P>
    <P Name="ZOrder">379</P>
    <P Name="Labels">[0, 0]</P>
    <P Name="Src">469#out:1</P>
    <P Name="Points">[178, 0]</P>
    <Branch>
      <P Name="ZOrder">316</P>
      <P Name="Points">[24, 0]</P>
      <Branch>
        <P Name="ZOrder">323</P>
        <P Name="Points">[0, 70]</P>
        <P Name="Dst">478#in:1</P>
      </Branch>
      <Branch>
        <P Name="ZOrder">322</P>
        <P Name="Dst">486#in:1</P>
      </Branch>
    </Branch>
    <Branch>
      <P Name="ZOrder">315</P>
      <P Name="Points">[0, -185]</P>
      <P Name="Dst">436#in:2</P>
    </Branch>
  </Line>
  <Line>
    <P Name="ZOrder">281</P>
    <P Name="Src">456#out:1</P>
    <P Name="Dst">457#in:1</P>
  </Line>
  <Line>
    <P Name="ZOrder">286</P>
    <P Name="Src">458#out:1</P>
    <P Name="Dst">818#in:1</P>
  </Line>
  <Line>
    <P Name="Name">dw/dt_w1</P>
    <P Name="ZOrder">282</P>
    <P Name="Labels">[2, 1]</P>
    <P Name="Src">457#out:1</P>
    <P Name="Points">[48, 0; 0, 15]</P>
    <P Name="Dst">458#in:1</P>
  </Line>
  <Line>
    <P Name="ZOrder">303</P>
    <P Name="Src">465#out:1</P>
    <P Name="Dst">469#in:1</P>
  </Line>
  <Line>
    <P Name="ZOrder">308</P>
    <P Name="Src">475#out:1</P>
    <P Name="Dst">468#in:2</P>
  </Line>
  <Line>
    <P Name="Name">Spacecraft contributionangular momentum</P>
    <P Name="ZOrder">311</P>
    <P Name="Labels">[1, 1]</P>
    <P Name="Src">468#out:1</P>
    <P Name="Dst">481#in:1</P>
  </Line>
  <Line>
    <P Name="ZOrder">312</P>
    <P Name="Src">479#out:1</P>
    <P Name="Points">[155, 0]</P>
    <P Name="Dst">484#in:1</P>
  </Line>
  <Line>
    <P Name="ZOrder">313</P>
    <P Name="Src">482#out:1</P>
    <P Name="Points">[150, 0]</P>
    <P Name="Dst">484#in:2</P>
  </Line>
  <Line>
    <P Name="ZOrder">314</P>
    <P Name="Src">484#out:1</P>
    <P Name="Dst">505#in:1</P>
  </Line>
  <Line>
    <P Name="ZOrder">317</P>
    <P Name="Src">487#out:1</P>
    <P Name="Dst">489#in:2</P>
  </Line>
  <Line>
    <P Name="ZOrder">318</P>
    <P Name="Src">488#out:1</P>
    <P Name="Points">[135, 0]</P>
    <P Name="Dst">489#in:1</P>
  </Line>
  <Line>
    <P Name="ZOrder">319</P>
    <P Name="Src">489#out:1</P>
    <P Name="Dst">506#in:1</P>
  </Line>
  <Line>
    <P Name="ZOrder">324</P>
    <P Name="Src">505#out:1</P>
    <P Name="Dst">639#in:1</P>
  </Line>
  <Line>
    <P Name="ZOrder">325</P>
    <P Name="Src">506#out:1</P>
    <P Name="Dst">640#in:1</P>
  </Line>
  <Line>
    <P Name="Name">wheel&apos;s 1 torque in body frame</P>
    <P Name="ZOrder">326</P>
    <P Name="Labels">[1, 1]</P>
    <P Name="Src">639#out:1</P>
    <P Name="Dst">485#in:1</P>
  </Line>
  <Line>
    <P Name="Name">wheel&apos;s 1 momentum in body frame</P>
    <P Name="ZOrder">372</P>
    <P Name="Labels">[0, 0]</P>
    <P Name="Src">640#out:1</P>
    <P Name="Dst">490#in:1</P>
  </Line>
  <Line>
    <P Name="ZOrder">328</P>
    <P Name="Src">703#out:1</P>
    <P Name="Dst">436#in:3</P>
  </Line>
  <Line>
    <P Name="ZOrder">356</P>
    <P Name="Src">436#out:1</P>
    <P Name="Dst">737#in:1</P>
  </Line>
  <Line>
    <P Name="ZOrder">357</P>
    <P Name="Src">737#out:1</P>
    <P Name="Points">[16, 0]</P>
    <Branch>
      <P Name="ZOrder">359</P>
      <P Name="Points">[0, 70]</P>
      <P Name="Dst">476#in:1</P>
    </Branch>
    <Branch>
      <P Name="ZOrder">358</P>
      <P Name="Dst">454#in:1</P>
    </Branch>
  </Line>
  <Line>
    <P Name="ZOrder">380</P>
    <P Name="Src">818#out:1</P>
    <P Name="Dst">464#in:1</P>
  </Line>
</System>
