<?xml version="1.0" encoding="utf-8"?>
<System>
  <P Name="Location">[-1, -8, 2561, 1393]</P>
  <P Name="ZoomFactor">124</P>
  <Block BlockType="Inport" Name="W2" SID="517">
    <P Name="Position">[20, 168, 50, 182]</P>
    <P Name="ZOrder">505</P>
  </Block>
  <Block BlockType="Inport" Name="Tc_W2" SID="518">
    <P Name="Position">[20, 68, 50, 82]</P>
    <P Name="ZOrder">506</P>
    <P Name="Port">2</P>
  </Block>
  <Block BlockType="Inport" Name="w0_W2" SID="519">
    <P Name="Position">[20, 488, 50, 502]</P>
    <P Name="ZOrder">508</P>
    <P Name="Port">3</P>
  </Block>
  <Block BlockType="Inport" Name="w_t" SID="520">
    <P Name="Position">[20, 243, 50, 257]</P>
    <P Name="ZOrder">509</P>
    <P Name="Port">4</P>
  </Block>
  <Block BlockType="Inport" Name="dw/dt" SID="521">
    <P Name="Position">[20, 123, 50, 137]</P>
    <P Name="ZOrder">507</P>
    <P Name="Port">5</P>
  </Block>
  <Block BlockType="Inport" Name="torquebox_data" SID="708">
    <P Name="Position">[455, 193, 485, 207]</P>
    <P Name="ZOrder">529</P>
    <P Name="Port">6</P>
  </Block>
  <Block BlockType="DotProduct" Name="Dot Product" SID="522">
    <P Name="Position">[170, 137, 200, 168]</P>
    <P Name="ZOrder">486</P>
    <P Name="OutDataTypeStr">Inherit: Inherit via internal rule</P>
  </Block>
  <Block BlockType="DotProduct" Name="Dot Product1" SID="523">
    <P Name="Position">[170, 227, 200, 258]</P>
    <P Name="ZOrder">503</P>
    <P Name="OutDataTypeStr">Inherit: Inherit via internal rule</P>
    <PortProperties>
      <Port Type="out" Index="1">
        <P Name="Name">Spacecraft contributionangular momentum</P>
      </Port>
    </PortProperties>
  </Block>
  <Block BlockType="From" Name="From" SID="524">
    <P Name="Position">[10, 575, 50, 605]</P>
    <P Name="ZOrder">513</P>
    <P Name="GotoTag">Ta_W2</P>
  </Block>
  <Block BlockType="From" Name="From1" SID="525">
    <P Name="Position">[5, 652, 55, 668]</P>
    <P Name="ZOrder">516</P>
    <P Name="GotoTag">T_W2_s</P>
    <PortProperties>
      <Port Type="out" Index="1">
        <P Name="PropagatedSignals">Spacecraft contribution Torque</P>
      </Port>
    </PortProperties>
  </Block>
  <Block BlockType="From" Name="From2" SID="526">
    <P Name="Position">[5, 787, 55, 813]</P>
    <P Name="ZOrder">521</P>
    <P Name="GotoTag">H_W2_s</P>
    <PortProperties>
      <Port Type="out" Index="1">
        <P Name="PropagatedSignals">Spacecraft contributionangular momentum</P>
      </Port>
    </PortProperties>
  </Block>
  <Block BlockType="From" Name="From3" SID="527">
    <P Name="Position">[5, 715, 80, 745]</P>
    <P Name="ZOrder">522</P>
    <P Name="GotoTag">H_W2_w</P>
    <PortProperties>
      <Port Type="out" Index="1">
        <P Name="PropagatedSignals">H_W2_wheel only</P>
      </Port>
    </PortProperties>
  </Block>
  <Block BlockType="From" Name="From7" SID="528">
    <P Name="Position">[20, 410, 60, 440]</P>
    <P Name="ZOrder">491</P>
    <P Name="GotoTag">Ta_W2</P>
  </Block>
  <Block BlockType="From" Name="From8" SID="529">
    <P Name="Position">[15, 300, 70, 330]</P>
    <P Name="ZOrder">500</P>
    <P Name="GotoTag">w_t_W2</P>
  </Block>
  <Block BlockType="Gain" Name="Gain" SID="530">
    <P Name="Position">[275, 140, 305, 170]</P>
    <P Name="ZOrder">487</P>
    <P Name="Gain">Params.Jw</P>
    <PortProperties>
      <Port Type="out" Index="1">
        <P Name="Name">Spacecraft contribution Torque</P>
      </Port>
    </PortProperties>
  </Block>
  <Block BlockType="Gain" Name="Gain1" SID="531">
    <P Name="Position">[170, 410, 200, 440]</P>
    <P Name="ZOrder">492</P>
    <P Name="Gain">1/Params.Jw</P>
    <PortProperties>
      <Port Type="out" Index="1">
        <P Name="Name">dw/dt_w2</P>
      </Port>
    </PortProperties>
  </Block>
  <Block BlockType="Gain" Name="Gain2" SID="532">
    <P Name="Position">[250, 300, 280, 330]</P>
    <P Name="ZOrder">504</P>
    <P Name="Gain">Params.Jw</P>
    <PortProperties>
      <Port Type="out" Index="1">
        <P Name="Name">H_W2_wheel only</P>
      </Port>
    </PortProperties>
  </Block>
  <Block BlockType="Gain" Name="Gain3" SID="533">
    <P Name="Position">[240, 605, 270, 635]</P>
    <P Name="ZOrder">525</P>
    <P Name="Gain">Params.W2</P>
  </Block>
  <Block BlockType="Gain" Name="Gain4" SID="534">
    <P Name="Position">[250, 755, 280, 785]</P>
    <P Name="ZOrder">526</P>
    <P Name="Gain">Params.W2</P>
  </Block>
  <Block BlockType="Gain" Name="Gain5" SID="738">
    <P Name="Position">[820, 115, 850, 145]</P>
    <P Name="ZOrder">530</P>
  </Block>
  <Block BlockType="Goto" Name="Goto" SID="535">
    <P Name="Position">[365, 207, 420, 223]</P>
    <P Name="ZOrder">514</P>
    <P Name="GotoTag">T_W2_s</P>
  </Block>
  <Block BlockType="Goto" Name="Goto1" SID="536">
    <P Name="Position">[385, 237, 430, 253]</P>
    <P Name="ZOrder">515</P>
    <P Name="GotoTag">H_W2_s</P>
  </Block>
  <Block BlockType="Goto" Name="Goto2" SID="537">
    <P Name="Position">[495, 300, 570, 330]</P>
    <P Name="ZOrder">520</P>
    <P Name="GotoTag">H_W2_w</P>
  </Block>
  <Block BlockType="Goto" Name="Goto4" SID="538">
    <P Name="Position">[940, 115, 1025, 145]</P>
    <P Name="ZOrder">489</P>
    <P Name="GotoTag">Ta_W2</P>
    <P Name="IconDisplay">Signal name</P>
  </Block>
  <Block BlockType="Goto" Name="Goto9" SID="539">
    <P Name="Position">[485, 440, 540, 470]</P>
    <P Name="ZOrder">499</P>
    <P Name="GotoTag">w_t_W2</P>
  </Block>
  <Block BlockType="Integrator" Name="Integrator" SID="540">
    <PortCounts in="2" out="1"/>
    <P Name="Position">[305, 424, 340, 486]</P>
    <P Name="ZOrder">493</P>
    <P Name="InitialConditionSource">external</P>
  </Block>
  <Block BlockType="SubSystem" Name="MATLAB Function" SID="541">
    <PortCounts in="3" out="1"/>
    <P Name="Position">[510, 21, 770, 239]</P>
    <P Name="ZOrder">471</P>
    <P Name="ErrorFcn">Stateflow.Translate.translate</P>
    <P Name="PermitHierarchicalResolution">ExplicitOnly</P>
    <P Name="TreatAsAtomicUnit">on</P>
    <P Name="SFBlockType">MATLAB Function</P>
    <P Name="ContentPreviewEnabled">on</P>
    <PortProperties>
      <Port Type="out" Index="1">
        <P Name="PropagatedSignals">Torque</P>
      </Port>
    </PortProperties>
    <System Ref="system_541"/>
  </Block>
  <Block BlockType="Reshape" Name="Reshape" SID="633">
    <PortCounts in="1" out="1"/>
    <P Name="Position">[290, 608, 320, 632]</P>
    <P Name="ZOrder">527</P>
    <P Name="OutputDimensionality">Column vector (2-D)</P>
    <PortProperties>
      <Port Type="out" Index="1">
        <P Name="Name">wheel&apos;s 2 torque in body frame</P>
      </Port>
    </PortProperties>
  </Block>
  <Block BlockType="Reshape" Name="Reshape1" SID="634">
    <PortCounts in="1" out="1"/>
    <P Name="Position">[300, 758, 330, 782]</P>
    <P Name="ZOrder">528</P>
    <P Name="OutputDimensionality">Column vector (2-D)</P>
    <PortProperties>
      <Port Type="out" Index="1">
        <P Name="Name">wheel&apos;s 2 momentum in body frame</P>
      </Port>
    </PortProperties>
  </Block>
  <Block BlockType="Saturate" Name="Saturation" SID="817">
    <P Name="Position">[385, 440, 415, 470]</P>
    <P Name="ZOrder">593</P>
    <P Name="UpperLimit">598</P>
    <P Name="LowerLimit">-598</P>
  </Block>
  <Block BlockType="Sum" Name="Sum" SID="542">
    <PortCounts in="2" out="1"/>
    <P Name="Position">[200, 610, 220, 630]</P>
    <P Name="ZOrder">518</P>
    <P Name="Inputs">+|+</P>
  </Block>
  <Block BlockType="Sum" Name="Sum1" SID="543">
    <PortCounts in="2" out="1"/>
    <P Name="Position">[210, 760, 230, 780]</P>
    <P Name="ZOrder">523</P>
    <P Name="Inputs">+|+</P>
  </Block>
  <Block BlockType="Sum" Name="Sum2" SID="544">
    <PortCounts in="2" out="1"/>
    <P Name="Position">[375, 65, 395, 85]</P>
    <P Name="ZOrder">488</P>
    <P Name="Inputs">|+-</P>
  </Block>
  <Block BlockType="Outport" Name="Ta_W2" SID="545">
    <P Name="Position">[940, 178, 970, 192]</P>
    <P Name="ZOrder">510</P>
  </Block>
  <Block BlockType="Outport" Name="H_W2_w" SID="546">
    <P Name="Position">[530, 378, 560, 392]</P>
    <P Name="ZOrder">512</P>
    <P Name="Port">2</P>
  </Block>
  <Block BlockType="Outport" Name="T_W2_BODY" SID="547">
    <P Name="Position">[510, 613, 540, 627]</P>
    <P Name="ZOrder">519</P>
    <P Name="Port">3</P>
  </Block>
  <Block BlockType="Outport" Name="H_W2_BODY" SID="548">
    <P Name="Position">[510, 763, 540, 777]</P>
    <P Name="ZOrder">524</P>
    <P Name="Port">4</P>
  </Block>
  <Block BlockType="Outport" Name="H_W2_w1" SID="812">
    <P Name="Position">[675, 423, 705, 437]</P>
    <P Name="ZOrder">531</P>
    <P Name="Port">5</P>
  </Block>
  <Line>
    <P Name="ZOrder">1</P>
    <P Name="Src">534#out:1</P>
    <P Name="Dst">634#in:1</P>
  </Line>
  <Line>
    <P Name="ZOrder">2</P>
    <P Name="Src">533#out:1</P>
    <P Name="Dst">633#in:1</P>
  </Line>
  <Line>
    <P Name="ZOrder">3</P>
    <P Name="Src">543#out:1</P>
    <P Name="Dst">534#in:1</P>
  </Line>
  <Line>
    <P Name="ZOrder">4</P>
    <P Name="Src">527#out:1</P>
    <P Name="Points">[135, 0]</P>
    <P Name="Dst">543#in:1</P>
  </Line>
  <Line>
    <P Name="ZOrder">5</P>
    <P Name="Src">526#out:1</P>
    <P Name="Points">[160, 0]</P>
    <P Name="Dst">543#in:2</P>
  </Line>
  <Line>
    <P Name="ZOrder">6</P>
    <P Name="Src">542#out:1</P>
    <P Name="Dst">533#in:1</P>
  </Line>
  <Line>
    <P Name="ZOrder">7</P>
    <P Name="Src">525#out:1</P>
    <P Name="Points">[150, 0]</P>
    <P Name="Dst">542#in:2</P>
  </Line>
  <Line>
    <P Name="ZOrder">8</P>
    <P Name="Src">524#out:1</P>
    <P Name="Points">[155, 0]</P>
    <P Name="Dst">542#in:1</P>
  </Line>
  <Line>
    <P Name="Name">Spacecraft contributionangular momentum</P>
    <P Name="ZOrder">9</P>
    <P Name="Labels">[1, 1]</P>
    <P Name="Src">523#out:1</P>
    <P Name="Dst">536#in:1</P>
  </Line>
  <Line>
    <P Name="ZOrder">10</P>
    <P Name="Src">520#out:1</P>
    <P Name="Dst">523#in:2</P>
  </Line>
  <Line>
    <P Name="ZOrder">11</P>
    <P Name="Src">529#out:1</P>
    <P Name="Dst">532#in:1</P>
  </Line>
  <Line>
    <P Name="Name">dw/dt_w2</P>
    <P Name="ZOrder">12</P>
    <P Name="Labels">[2, 1]</P>
    <P Name="Src">531#out:1</P>
    <P Name="Points">[48, 0; 0, 15]</P>
    <P Name="Dst">540#in:1</P>
  </Line>
  <Line>
    <P Name="ZOrder">13</P>
    <P Name="Src">540#out:1</P>
    <P Name="Dst">817#in:1</P>
  </Line>
  <Line>
    <P Name="ZOrder">14</P>
    <P Name="Src">528#out:1</P>
    <P Name="Dst">531#in:1</P>
  </Line>
  <Line>
    <P Name="Name">H_W2_wheel only</P>
    <P Name="ZOrder">63</P>
    <P Name="Labels">[1, 1]</P>
    <P Name="Src">532#out:1</P>
    <P Name="Points">[153, 0]</P>
    <Branch>
      <P Name="ZOrder">16</P>
      <P Name="Points">[0, -185]</P>
      <P Name="Dst">541#in:2</P>
    </Branch>
    <Branch>
      <P Name="ZOrder">17</P>
      <P Name="Points">[24, 0]</P>
      <Branch>
        <P Name="ZOrder">18</P>
        <P Name="Dst">537#in:1</P>
      </Branch>
      <Branch>
        <P Name="ZOrder">19</P>
        <P Name="Points">[0, 70]</P>
        <P Name="Dst">546#in:1</P>
      </Branch>
    </Branch>
  </Line>
  <Line>
    <P Name="ZOrder">20</P>
    <P Name="Src">522#out:1</P>
    <P Name="Dst">530#in:1</P>
  </Line>
  <Line>
    <P Name="ZOrder">21</P>
    <P Name="Src">517#out:1</P>
    <P Name="Points">[53, 0]</P>
    <Branch>
      <P Name="ZOrder">22</P>
      <P Name="Points">[0, -15]</P>
      <P Name="Dst">522#in:2</P>
    </Branch>
    <Branch>
      <P Name="ZOrder">23</P>
      <P Name="Points">[0, 60]</P>
      <P Name="Dst">523#in:1</P>
    </Branch>
  </Line>
  <Line>
    <P Name="ZOrder">24</P>
    <P Name="Src">544#out:1</P>
    <P Name="Points">[53, 0; 0, -15]</P>
    <P Name="Dst">541#in:1</P>
  </Line>
  <Line>
    <P Name="ZOrder">25</P>
    <P Name="Src">519#out:1</P>
    <P Name="Points">[123, 0; 0, -25]</P>
    <P Name="Dst">540#in:2</P>
  </Line>
  <Line>
    <P Name="ZOrder">26</P>
    <P Name="Src">521#out:1</P>
    <P Name="Points">[55, 0; 0, 15]</P>
    <P Name="Dst">522#in:1</P>
  </Line>
  <Line>
    <P Name="Name">Spacecraft contribution Torque</P>
    <P Name="ZOrder">27</P>
    <P Name="Src">530#out:1</P>
    <P Name="Points">[31, 0]</P>
    <Branch>
      <P Name="ZOrder">28</P>
      <P Name="Labels">[1, 1]</P>
      <P Name="Points">[0, 60]</P>
      <P Name="Dst">535#in:1</P>
    </Branch>
    <Branch>
      <P Name="ZOrder">29</P>
      <P Name="Points">[44, 0]</P>
      <P Name="Dst">544#in:2</P>
    </Branch>
  </Line>
  <Line>
    <P Name="ZOrder">30</P>
    <P Name="Src">518#out:1</P>
    <P Name="Dst">544#in:1</P>
  </Line>
  <Line>
    <P Name="Name">wheel&apos;s 2 torque in body frame</P>
    <P Name="ZOrder">34</P>
    <P Name="Labels">[1, 1]</P>
    <P Name="Src">633#out:1</P>
    <P Name="Dst">547#in:1</P>
  </Line>
  <Line>
    <P Name="Name">wheel&apos;s 2 momentum in body frame</P>
    <P Name="ZOrder">51</P>
    <P Name="Labels">[0, 0]</P>
    <P Name="Src">634#out:1</P>
    <P Name="Dst">548#in:1</P>
  </Line>
  <Line>
    <P Name="ZOrder">36</P>
    <P Name="Src">708#out:1</P>
    <P Name="Dst">541#in:3</P>
  </Line>
  <Line>
    <P Name="ZOrder">37</P>
    <P Name="Src">541#out:1</P>
    <P Name="Dst">738#in:1</P>
  </Line>
  <Line>
    <P Name="ZOrder">38</P>
    <P Name="Src">738#out:1</P>
    <P Name="Points">[34, 0]</P>
    <Branch>
      <P Name="ZOrder">40</P>
      <P Name="Points">[0, 55]</P>
      <P Name="Dst">545#in:1</P>
    </Branch>
    <Branch>
      <P Name="ZOrder">39</P>
      <P Name="Dst">538#in:1</P>
    </Branch>
  </Line>
  <Line>
    <P Name="ZOrder">64</P>
    <P Name="Src">817#out:1</P>
    <P Name="Points">[30, 0]</P>
    <Branch>
      <P Name="ZOrder">58</P>
      <P Name="Points">[0, -25]</P>
      <P Name="Dst">812#in:1</P>
    </Branch>
    <Branch>
      <P Name="ZOrder">57</P>
      <P Name="Dst">539#in:1</P>
    </Branch>
  </Line>
</System>
