<?xml version="1.0" encoding="utf-8"?>
<System>
  <P Name="Location">[-1, -8, 2561, 1393]</P>
  <P Name="ZoomFactor">206</P>
  <Block BlockType="Inport" Name="dw" SID="137">
    <P Name="Position">[-10, 93, 20, 107]</P>
    <P Name="ZOrder">402</P>
  </Block>
  <Block BlockType="Demux" Name="Demux" SID="85">
    <PortCounts in="1" out="3"/>
    <P Name="Position">[130, 71, 135, 129]</P>
    <P Name="ZOrder">362</P>
    <P Name="Outputs">3</P>
  </Block>
  <Block BlockType="From" Name="From" SID="93">
    <P Name="Position">[375, 42, 415, 58]</P>
    <P Name="ZOrder">370</P>
    <P Name="GotoTag">dw1</P>
  </Block>
  <Block BlockType="From" Name="From3" SID="98">
    <P Name="Position">[375, 162, 410, 178]</P>
    <P Name="ZOrder">375</P>
    <P Name="GotoTag">dw2</P>
  </Block>
  <Block BlockType="From" Name="From5" SID="102">
    <P Name="Position">[375, 282, 410, 298]</P>
    <P Name="ZOrder">379</P>
    <P Name="GotoTag">dw3</P>
  </Block>
  <Block BlockType="Goto" Name="Goto3" SID="90">
    <P Name="Position">[210, 92, 245, 108]</P>
    <P Name="ZOrder">367</P>
    <P Name="GotoTag">dw2</P>
  </Block>
  <Block BlockType="Goto" Name="Goto4" SID="91">
    <P Name="Position">[205, 72, 245, 88]</P>
    <P Name="ZOrder">368</P>
    <P Name="GotoTag">dw1</P>
  </Block>
  <Block BlockType="Goto" Name="Goto5" SID="92">
    <P Name="Position">[210, 112, 245, 128]</P>
    <P Name="ZOrder">369</P>
    <P Name="GotoTag">dw3</P>
  </Block>
  <Block BlockType="Mux" Name="Mux" SID="147">
    <PortCounts in="3" out="1"/>
    <P Name="Position">[715, 118, 720, 222]</P>
    <P Name="ZOrder">405</P>
    <P Name="Inputs">3</P>
    <P Name="DisplayOption">bar</P>
  </Block>
  <Block BlockType="SubSystem" Name="X_controller" SID="121">
    <PortCounts in="1" out="1"/>
    <P Name="Position">[545, 20, 620, 80]</P>
    <P Name="ZOrder">398</P>
    <P Name="ContentPreviewEnabled">on</P>
    <System Ref="system_121"/>
  </Block>
  <Block BlockType="SubSystem" Name="X_controller1" SID="891">
    <PortCounts in="1" out="1"/>
    <P Name="Position">[555, 140, 630, 200]</P>
    <P Name="ZOrder">420</P>
    <P Name="ContentPreviewEnabled">on</P>
    <System Ref="system_891"/>
  </Block>
  <Block BlockType="SubSystem" Name="X_controller2" SID="904">
    <PortCounts in="1" out="1"/>
    <P Name="Position">[555, 260, 630, 320]</P>
    <P Name="ZOrder">421</P>
    <P Name="ContentPreviewEnabled">on</P>
    <System Ref="system_904"/>
  </Block>
  <Block BlockType="SubSystem" Name="Y_controller1" SID="788">
    <PortCounts in="1" out="1"/>
    <P Name="Position">[445, 140, 520, 200]</P>
    <P Name="ZOrder">413</P>
    <P Name="Commented">through</P>
    <P Name="ContentPreviewEnabled">on</P>
    <System Ref="system_788"/>
  </Block>
  <Block BlockType="SubSystem" Name="Z_controller2" SID="797">
    <PortCounts in="1" out="1"/>
    <P Name="Position">[445, 260, 520, 320]</P>
    <P Name="ZOrder">414</P>
    <P Name="Commented">through</P>
    <P Name="ContentPreviewEnabled">on</P>
    <System Ref="system_797"/>
  </Block>
  <Block BlockType="Outport" Name="Tc" SID="139">
    <P Name="Position">[885, 163, 915, 177]</P>
    <P Name="ZOrder">404</P>
  </Block>
  <Line>
    <P Name="ZOrder">90</P>
    <P Name="Src">85#out:1</P>
    <P Name="Dst">91#in:1</P>
  </Line>
  <Line>
    <P Name="ZOrder">158</P>
    <P Name="Src">98#out:1</P>
    <P Name="Dst">788#in:1</P>
  </Line>
  <Line>
    <P Name="ZOrder">91</P>
    <P Name="Src">85#out:2</P>
    <P Name="Dst">90#in:1</P>
  </Line>
  <Line>
    <P Name="ZOrder">92</P>
    <P Name="Src">85#out:3</P>
    <P Name="Dst">92#in:1</P>
  </Line>
  <Line>
    <P Name="ZOrder">161</P>
    <P Name="Src">102#out:1</P>
    <P Name="Dst">797#in:1</P>
  </Line>
  <Line>
    <P Name="ZOrder">136</P>
    <P Name="Src">137#out:1</P>
    <P Name="Dst">85#in:1</P>
  </Line>
  <Line>
    <P Name="ZOrder">127</P>
    <P Name="Src">93#out:1</P>
    <P Name="Dst">121#in:1</P>
  </Line>
  <Line>
    <P Name="ZOrder">174</P>
    <P Name="Src">788#out:1</P>
    <P Name="Dst">891#in:1</P>
  </Line>
  <Line>
    <P Name="ZOrder">140</P>
    <P Name="Src">121#out:1</P>
    <P Name="Points">[28, 0; 0, 85]</P>
    <P Name="Dst">147#in:1</P>
  </Line>
  <Line>
    <P Name="ZOrder">177</P>
    <P Name="Src">797#out:1</P>
    <P Name="Dst">904#in:1</P>
  </Line>
  <Line>
    <P Name="ZOrder">153</P>
    <P Name="Src">147#out:1</P>
    <P Name="Dst">139#in:1</P>
  </Line>
  <Line>
    <P Name="ZOrder">175</P>
    <P Name="Src">891#out:1</P>
    <P Name="Dst">147#in:2</P>
  </Line>
  <Line>
    <P Name="ZOrder">176</P>
    <P Name="Src">904#out:1</P>
    <P Name="Points">[18, 0; 0, -85]</P>
    <P Name="Dst">147#in:3</P>
  </Line>
</System>
