<?xml version="1.0" encoding="utf-8"?>
<System>
  <P Name="Location">[-1, -8, 2561, 1393]</P>
  <P Name="Open">on</P>
  <P Name="ZoomFactor">125</P>
  <P Name="ReportName">simulink-default.rpt</P>
  <P Name="SIDHighWatermark">919</P>
  <Block BlockType="Reference" Name="Angular Velocity&#xA;Conversion" SID="328">
    <PortCounts in="1" out="1"/>
    <P Name="Position">[255, 555, 345, 585]</P>
    <P Name="ZOrder">429</P>
    <P Name="LibraryVersion">7.2</P>
    <P Name="SourceBlock">aerolibconvert2/Angular Velocity
Conversion</P>
    <P Name="SourceType">Angular Velocity Conversion</P>
    <InstanceData>
      <P Name="RTWMemSecFuncInitTerm">Inherit from model</P>
      <P Name="RTWMemSecFuncExecute">Inherit from model</P>
      <P Name="RTWMemSecDataConstants">Inherit from model</P>
      <P Name="RTWMemSecDataInternal">Inherit from model</P>
      <P Name="RTWMemSecDataParameters">Inherit from model</P>
      <P Name="ContentPreviewEnabled">on</P>
      <P Name="IU">rpm</P>
      <P Name="OU">rad/s</P>
    </InstanceData>
  </Block>
  <Block BlockType="Constant" Name="Constant" SID="688">
    <P Name="Position">[75, 692, 145, 718]</P>
    <P Name="ZOrder">581</P>
    <P Name="BackgroundColor">[0.203922, 0.509804, 1.000000]</P>
    <P Name="Value">Params.W1</P>
  </Block>
  <Block BlockType="Constant" Name="Constant1" SID="691">
    <P Name="Position">[75, 737, 145, 763]</P>
    <P Name="ZOrder">584</P>
    <P Name="BackgroundColor">[0.203922, 0.388235, 1.000000]</P>
    <P Name="Value">Params.W2</P>
  </Block>
  <Block BlockType="Constant" Name="Constant2" SID="692">
    <P Name="Position">[75, 782, 145, 808]</P>
    <P Name="ZOrder">585</P>
    <P Name="BackgroundColor">[0.164706, 0.498039, 1.000000]</P>
    <P Name="Value">Params.W3</P>
  </Block>
  <Block BlockType="Constant" Name="Constant3" SID="693">
    <P Name="Position">[75, 827, 145, 853]</P>
    <P Name="ZOrder">586</P>
    <P Name="BackgroundColor">[0.254902, 0.490196, 1.000000]</P>
    <P Name="Value">Params.W4</P>
  </Block>
  <Block BlockType="Constant" Name="Constant4" SID="714">
    <P Name="Position">[75, 870, 170, 900]</P>
    <P Name="ZOrder">593</P>
    <P Name="BackgroundColor">[0.207843, 0.564706, 1.000000]</P>
    <P Name="Value">Params.torquebox.torquebox_modified</P>
  </Block>
  <Block BlockType="SubSystem" Name="Controller" SID="136">
    <PortCounts in="1" out="1"/>
    <P Name="Position">[1365, 211, 1535, 399]</P>
    <P Name="ZOrder">404</P>
    <P Name="BackgroundColor">[1.000000, 0.384314, 0.992157]</P>
    <P Name="ContentPreviewEnabled">on</P>
    <System Ref="system_136"/>
  </Block>
  <Block BlockType="Reference" Name="Degrees to&#xA;Radians" SID="62">
    <PortCounts in="1" out="1"/>
    <P Name="Position">[440, 275, 470, 305]</P>
    <P Name="ZOrder">299</P>
    <P Name="LibraryVersion">11.0</P>
    <P Name="SourceBlock">simulink_extras/Transformations/Degrees to
Radians</P>
    <P Name="SourceType">DegreesToRadians</P>
    <InstanceData>
      <P Name="RTWMemSecFuncInitTerm">Inherit from model</P>
      <P Name="RTWMemSecFuncExecute">Inherit from model</P>
      <P Name="RTWMemSecDataConstants">Inherit from model</P>
      <P Name="RTWMemSecDataInternal">Inherit from model</P>
      <P Name="RTWMemSecDataParameters">Inherit from model</P>
      <P Name="ContentPreviewEnabled">on</P>
    </InstanceData>
  </Block>
  <Block BlockType="Constant" Name="External Torque" SID="63">
    <P Name="Position">[240, 240, 290, 260]</P>
    <P Name="ZOrder">300</P>
    <P Name="Value">[0,0,0]</P>
  </Block>
  <Block BlockType="From" Name="From" SID="687">
    <P Name="Position">[90, 645, 130, 675]</P>
    <P Name="ZOrder">580</P>
    <P Name="GotoTag">dw_dt</P>
  </Block>
  <Block BlockType="From" Name="From10" SID="701">
    <P Name="Position">[1315, 770, 1355, 800]</P>
    <P Name="ZOrder">591</P>
    <P Name="GotoTag">H_W</P>
  </Block>
  <Block BlockType="From" Name="From11" SID="702">
    <P Name="Position">[1315, 730, 1355, 760]</P>
    <P Name="ZOrder">592</P>
    <P Name="GotoTag">T_W</P>
  </Block>
  <Block BlockType="From" Name="From2" SID="311">
    <P Name="Position">[1315, 610, 1355, 640]</P>
    <P Name="ZOrder">417</P>
    <P Name="GotoTag">w_t</P>
  </Block>
  <Block BlockType="From" Name="From4" SID="313">
    <P Name="Position">[1315, 650, 1355, 680]</P>
    <P Name="ZOrder">419</P>
    <P Name="GotoTag">w_error</P>
  </Block>
  <Block BlockType="From" Name="From5" SID="314">
    <P Name="Position">[1315, 690, 1355, 720]</P>
    <P Name="ZOrder">420</P>
    <P Name="GotoTag">Tc_W</P>
  </Block>
  <Block BlockType="From" Name="From6" SID="323">
    <P Name="Position">[100, 510, 140, 540]</P>
    <P Name="ZOrder">424</P>
    <P Name="GotoTag">Tc</P>
  </Block>
  <Block BlockType="From" Name="From7" SID="680">
    <P Name="Position">[90, 600, 130, 630]</P>
    <P Name="ZOrder">576</P>
    <P Name="GotoTag">w_t</P>
  </Block>
  <Block BlockType="From" Name="From8" SID="685">
    <P Name="Position">[240, 180, 280, 210]</P>
    <P Name="ZOrder">578</P>
    <P Name="GotoTag">T_W_B</P>
  </Block>
  <Block BlockType="From" Name="From9" SID="700">
    <P Name="Position">[230, 402, 285, 418]</P>
    <P Name="ZOrder">590</P>
    <P Name="GotoTag">H_W_B</P>
  </Block>
  <Block BlockType="Goto" Name="Goto" SID="306">
    <P Name="Position">[1265, 280, 1305, 310]</P>
    <P Name="ZOrder">412</P>
    <P Name="GotoTag">w_error</P>
  </Block>
  <Block BlockType="Goto" Name="Goto2" SID="308">
    <P Name="Position">[1100, 295, 1140, 325]</P>
    <P Name="ZOrder">414</P>
    <P Name="GotoTag">w_t</P>
  </Block>
  <Block BlockType="Goto" Name="Goto4" SID="684">
    <P Name="Position">[835, 530, 885, 560]</P>
    <P Name="ZOrder">577</P>
    <P Name="GotoTag">T_W_B</P>
  </Block>
  <Block BlockType="Goto" Name="Goto5" SID="686">
    <P Name="Position">[790, 380, 830, 410]</P>
    <P Name="ZOrder">579</P>
    <P Name="GotoTag">dw_dt</P>
  </Block>
  <Block BlockType="Goto" Name="Goto6" SID="694">
    <P Name="Position">[825, 610, 875, 640]</P>
    <P Name="ZOrder">587</P>
    <P Name="GotoTag">H_W_B</P>
  </Block>
  <Block BlockType="Goto" Name="Goto7" SID="695">
    <P Name="Position">[825, 690, 865, 720]</P>
    <P Name="ZOrder">588</P>
    <P Name="GotoTag">T_W</P>
  </Block>
  <Block BlockType="Goto" Name="Goto8" SID="696">
    <P Name="Position">[825, 770, 865, 800]</P>
    <P Name="ZOrder">589</P>
    <P Name="GotoTag">H_W</P>
  </Block>
  <Block BlockType="Goto" Name="Goto9" SID="730">
    <P Name="Position">[825, 850, 865, 880]</P>
    <P Name="ZOrder">600</P>
    <P Name="GotoTag">Tc_W</P>
  </Block>
  <Block BlockType="Reference" Name="Iddata Sink" SID="918">
    <PortCounts in="2"/>
    <P Name="Position">[610, -46, 715, 16]</P>
    <P Name="ZOrder">606</P>
    <P Name="LibraryVersion">6.2</P>
    <P Name="SourceBlock">slident/Iddata Sink</P>
    <P Name="SourceType">IDDATA Sink</P>
    <InstanceData>
      <P Name="RTWMemSecFuncInitTerm">Inherit from model</P>
      <P Name="RTWMemSecFuncExecute">Inherit from model</P>
      <P Name="RTWMemSecDataConstants">Inherit from model</P>
      <P Name="RTWMemSecDataInternal">Inherit from model</P>
      <P Name="RTWMemSecDataParameters">Inherit from model</P>
      <P Name="ContentPreviewEnabled">on</P>
      <P Name="datasetname">data</P>
      <P Name="Ts">0.1</P>
      <P Name="isu">on</P>
      <P Name="isy">on</P>
    </InstanceData>
  </Block>
  <Block BlockType="If" Name="If" SID="811">
    <PortCounts in="1" out="2"/>
    <P Name="Position">[810, 176, 910, 214]</P>
    <P Name="ZOrder">603</P>
    <P Name="Commented">on</P>
    <P Name="IfExpression">u1 &gt; sqrt(768)</P>
  </Block>
  <Block BlockType="Constant" Name="Inertia Matrix" SID="1">
    <P Name="Position">[230, 359, 290, 381]</P>
    <P Name="ZOrder">1</P>
    <P Name="BackgroundColor">[0.180392, 0.400000, 1.000000]</P>
    <P Name="Value">Params.J</P>
  </Block>
  <Block BlockType="Constant" Name="Initial Body Angular rates [deg/sec]" SID="3">
    <P Name="Position">[230, 280, 290, 300]</P>
    <P Name="ZOrder">3</P>
    <P Name="BackgroundColor">[0.062745, 0.392157, 1.000000]</P>
    <P Name="Value">Params.w0</P>
  </Block>
  <Block BlockType="Constant" Name="Initial wheels angular velocity [rpm]" SID="327">
    <P Name="Position">[90, 552, 190, 588]</P>
    <P Name="ZOrder">428</P>
    <P Name="BackgroundColor">[0.250980, 0.364706, 1.000000]</P>
    <P Name="Value">Params.w0_W</P>
  </Block>
  <Block BlockType="Mux" Name="Mux" SID="315">
    <PortCounts in="5" out="1"/>
    <P Name="Position">[1650, 599, 1660, 811]</P>
    <P Name="ZOrder">421</P>
    <P Name="Inputs">5</P>
    <P Name="DisplayOption">bar</P>
  </Block>
  <Block BlockType="Mux" Name="Mux1" SID="919">
    <PortCounts in="1" out="1"/>
    <P Name="Position">[445, -64, 450, -26]</P>
    <P Name="ZOrder">607</P>
    <P Name="Inputs">1</P>
    <P Name="DisplayOption">bar</P>
  </Block>
  <Block BlockType="SubSystem" Name="Reaction Wheels model" SID="667">
    <PortCounts in="9" out="5"/>
    <P Name="Position">[560, 505, 710, 905]</P>
    <P Name="ZOrder">575</P>
    <P Name="ContentPreviewEnabled">on</P>
    <System Ref="system_667"/>
  </Block>
  <Block BlockType="Reshape" Name="Reshape" SID="717">
    <PortCounts in="1" out="1"/>
    <P Name="Position">[270, 648, 300, 672]</P>
    <P Name="ZOrder">595</P>
    <P Name="OutputDimensionality">Column vector (2-D)</P>
  </Block>
  <Block BlockType="SubSystem" Name="Satellite Bus" SID="55">
    <PortCounts in="4" out="2"/>
    <P Name="Position">[510, 229, 735, 431]</P>
    <P Name="ZOrder">298</P>
    <P Name="ContentPreviewEnabled">on</P>
    <System Ref="system_55"/>
  </Block>
  <Block BlockType="Scope" Name="Scope" SID="316">
    <PortCounts in="1"/>
    <P Name="Position">[1745, 689, 1775, 721]</P>
    <P Name="ZOrder">422</P>
    <P Name="ScopeSpecificationString">Simulink.scopes.TimeScopeBlockCfg(&apos;CurrentConfiguration&apos;, extmgr.ConfigurationSet(extmgr.Configuration(&apos;Core&apos;,&apos;General UI&apos;,true),extmgr.Configuration(&apos;Core&apos;,&apos;Source UI&apos;,true),extmgr.Configuration(&apos;Sources&apos;,&apos;WiredSimulink&apos;,true,&apos;DataLoggingVariableName&apos;,&apos;Data&apos;,&apos;DataLogging&apos;,true,&apos;DataLoggingSaveFormat&apos;,&apos;StructureWithTime&apos;),extmgr.Configuration(&apos;Visuals&apos;,&apos;Time Domain&apos;,true,&apos;SerializedDisplays&apos;,{struct(&apos;MinYLimReal&apos;,&apos;-1.41645&apos;,&apos;MaxYLimReal&apos;,&apos;4.5249&apos;,&apos;YLabelReal&apos;,&apos;&apos;,&apos;MinYLimMag&apos;,&apos;0.00000&apos;,&apos;MaxYLimMag&apos;,&apos;4.5249&apos;,&apos;LegendVisibility&apos;,&apos;On&apos;,&apos;XGrid&apos;,true,&apos;YGrid&apos;,true,&apos;PlotMagPhase&apos;,false,&apos;AxesColor&apos;,[0 0 0],&apos;AxesTickColor&apos;,[0.686274509803922 0.686274509803922 0.686274509803922],&apos;ColorOrder&apos;,[1 1 0.0666666666666667;0.0745098039215686 0.623529411764706 1;1 0.411764705882353 0.16078431372549;0.392156862745098 0.831372549019608 0.0745098039215686;0.717647058823529 0.274509803921569 1;0.0588235294117647 1 1;1 0.0745098039215686 0.650980392156863],&apos;Title&apos;,&apos;%&lt;SignalLabel&gt;&apos;,&apos;LinePropertiesCache&apos;,{{struct(&apos;Visible&apos;,&apos;on&apos;),struct(&apos;Visible&apos;,&apos;on&apos;),struct(&apos;Visible&apos;,&apos;on&apos;),struct(&apos;Visible&apos;,&apos;on&apos;),struct(&apos;Visible&apos;,&apos;on&apos;),struct(&apos;Visible&apos;,&apos;off&apos;),struct(&apos;Visible&apos;,&apos;off&apos;),struct(&apos;Visible&apos;,&apos;off&apos;),struct(&apos;Visible&apos;,&apos;off&apos;),struct(&apos;Visible&apos;,&apos;off&apos;),struct(&apos;Visible&apos;,&apos;off&apos;),struct(&apos;Visible&apos;,&apos;off&apos;),struct(&apos;Visible&apos;,&apos;off&apos;),struct(&apos;Visible&apos;,&apos;off&apos;),struct(&apos;Visible&apos;,&apos;on&apos;),struct(&apos;Visible&apos;,&apos;on&apos;),struct(&apos;Visible&apos;,&apos;on&apos;),struct(&apos;Visible&apos;,&apos;on&apos;),struct(&apos;Visible&apos;,&apos;on&apos;),struct(&apos;Visible&apos;,&apos;on&apos;),struct(&apos;Visible&apos;,&apos;on&apos;),struct(&apos;Visible&apos;,&apos;on&apos;),struct(&apos;Visible&apos;,&apos;on&apos;),struct(&apos;Visible&apos;,&apos;on&apos;),struct(&apos;Visible&apos;,&apos;on&apos;),struct(&apos;Visible&apos;,&apos;on&apos;)}},&apos;UserDefinedChannelNames&apos;,{{}},&apos;NumLines&apos;,18,&apos;LineNames&apos;,{{&apos;Satellite Bus/1:1&apos;,&apos;Satellite Bus/1:2&apos;,&apos;Satellite Bus/1:3&apos;,&apos;Sum1:1&apos;,&apos;Sum1:2&apos;,&apos;Sum1:3&apos;,&apos;Reaction Wheels model/5:1&apos;,&apos;Reaction Wheels model/5:2&apos;,&apos;Reaction Wheels model/5:3&apos;,&apos;Reaction Wheels model/5:4&apos;,&apos;Reaction Wheels model/3:1&apos;,&apos;Reaction Wheels model/3:2&apos;,&apos;Reaction Wheels model/3:3&apos;,&apos;Reaction Wheels model/3:4&apos;,&apos;Reaction Wheels model/4:1&apos;,&apos;Reaction Wheels model/4:2&apos;,&apos;Reaction Wheels model/4:3&apos;,&apos;Reaction Wheels model/4:4&apos;}},&apos;ShowContent&apos;,true,&apos;Placement&apos;,1)},&apos;DisplayPropertyDefaults&apos;,struct(&apos;MinYLimReal&apos;,&apos;-1.41645&apos;,&apos;MaxYLimReal&apos;,&apos;4.5249&apos;,&apos;YLabelReal&apos;,&apos;&apos;,&apos;MinYLimMag&apos;,&apos;0.00000&apos;,&apos;MaxYLimMag&apos;,&apos;4.5249&apos;,&apos;LegendVisibility&apos;,&apos;On&apos;,&apos;XGrid&apos;,true,&apos;YGrid&apos;,true,&apos;PlotMagPhase&apos;,false,&apos;AxesColor&apos;,[0 0 0],&apos;AxesTickColor&apos;,[0.686274509803922 0.686274509803922 0.686274509803922],&apos;ColorOrder&apos;,[0.0745098039215686 0.623529411764706 1;1 0.411764705882353 0.16078431372549;1 1 0.0666666666666667;0.717647058823529 0.274509803921569 1;0.392156862745098 0.831372549019608 0.0745098039215686;0.0588235294117647 1 1;1 0.0745098039215686 0.650980392156863])),extmgr.Configuration(&apos;Tools&apos;,&apos;Plot Navigation&apos;,true),extmgr.Configuration(&apos;Tools&apos;,&apos;Measurements&apos;,true,&apos;Version&apos;,&apos;2022b&apos;)),&apos;Version&apos;,&apos;2022b&apos;,&apos;Position&apos;,[1 49 1536 747.2])</P>
    <P Name="NumInputPorts">1</P>
    <P Name="Floating">off</P>
  </Block>
  <Block BlockType="Scope" Name="Scope1" SID="821">
    <PortCounts in="1"/>
    <P Name="Position">[1605, 379, 1635, 411]</P>
    <P Name="ZOrder">604</P>
    <P Name="ScopeSpecificationString">Simulink.scopes.TimeScopeBlockCfg(&apos;CurrentConfiguration&apos;, extmgr.ConfigurationSet(extmgr.Configuration(&apos;Core&apos;,&apos;General UI&apos;,true),extmgr.Configuration(&apos;Core&apos;,&apos;Source UI&apos;,true),extmgr.Configuration(&apos;Sources&apos;,&apos;WiredSimulink&apos;,true,&apos;DataLoggingVariableName&apos;,&apos;ScopeData2&apos;,&apos;DataLogging&apos;,true,&apos;DataLoggingSaveFormat&apos;,&apos;StructureWithTime&apos;),extmgr.Configuration(&apos;Visuals&apos;,&apos;Time Domain&apos;,true,&apos;SerializedDisplays&apos;,{struct(&apos;MinYLimReal&apos;,&apos;-0.3991&apos;,&apos;MaxYLimReal&apos;,&apos;1.17204&apos;,&apos;YLabelReal&apos;,&apos;&apos;,&apos;MinYLimMag&apos;,&apos;0.00000&apos;,&apos;MaxYLimMag&apos;,&apos;1.17204&apos;,&apos;LegendVisibility&apos;,&apos;On&apos;,&apos;XGrid&apos;,true,&apos;YGrid&apos;,true,&apos;PlotMagPhase&apos;,false,&apos;AxesColor&apos;,[0 0 0],&apos;AxesTickColor&apos;,[0.686274509803922 0.686274509803922 0.686274509803922],&apos;ColorOrder&apos;,[1 1 0.0666666666666667;0.0745098039215686 0.623529411764706 1;1 0.411764705882353 0.16078431372549;0.392156862745098 0.831372549019608 0.0745098039215686;0.717647058823529 0.274509803921569 1;0.0588235294117647 1 1;1 0.0745098039215686 0.650980392156863],&apos;Title&apos;,&apos;%&lt;SignalLabel&gt;&apos;,&apos;LinePropertiesCache&apos;,{{struct(&apos;Visible&apos;,&apos;on&apos;),struct(&apos;Visible&apos;,&apos;on&apos;),struct(&apos;Visible&apos;,&apos;on&apos;),struct(&apos;Visible&apos;,&apos;on&apos;),struct(&apos;Visible&apos;,&apos;on&apos;),struct(&apos;Visible&apos;,&apos;off&apos;),struct(&apos;Visible&apos;,&apos;off&apos;),struct(&apos;Visible&apos;,&apos;off&apos;),struct(&apos;Visible&apos;,&apos;off&apos;),struct(&apos;Visible&apos;,&apos;off&apos;),struct(&apos;Visible&apos;,&apos;off&apos;),struct(&apos;Visible&apos;,&apos;off&apos;),struct(&apos;Visible&apos;,&apos;off&apos;),struct(&apos;Visible&apos;,&apos;off&apos;),struct(&apos;Visible&apos;,&apos;on&apos;),struct(&apos;Visible&apos;,&apos;on&apos;),struct(&apos;Visible&apos;,&apos;on&apos;),struct(&apos;Visible&apos;,&apos;on&apos;),struct(&apos;Visible&apos;,&apos;on&apos;),struct(&apos;Visible&apos;,&apos;on&apos;),struct(&apos;Visible&apos;,&apos;on&apos;),struct(&apos;Visible&apos;,&apos;on&apos;),struct(&apos;Visible&apos;,&apos;on&apos;),struct(&apos;Visible&apos;,&apos;on&apos;),struct(&apos;Visible&apos;,&apos;on&apos;),struct(&apos;Visible&apos;,&apos;on&apos;)}},&apos;UserDefinedChannelNames&apos;,{{}},&apos;NumLines&apos;,3,&apos;LineNames&apos;,{{&apos;Controller:1&apos;,&apos;Controller:2&apos;,&apos;Controller:3&apos;}},&apos;ShowContent&apos;,true,&apos;Placement&apos;,1)},&apos;DisplayPropertyDefaults&apos;,struct(&apos;MinYLimReal&apos;,&apos;-0.3991&apos;,&apos;MaxYLimReal&apos;,&apos;1.17204&apos;,&apos;YLabelReal&apos;,&apos;&apos;,&apos;MinYLimMag&apos;,&apos;0.00000&apos;,&apos;MaxYLimMag&apos;,&apos;1.17204&apos;,&apos;LegendVisibility&apos;,&apos;On&apos;,&apos;XGrid&apos;,true,&apos;YGrid&apos;,true,&apos;PlotMagPhase&apos;,false,&apos;AxesColor&apos;,[0 0 0],&apos;AxesTickColor&apos;,[0.686274509803922 0.686274509803922 0.686274509803922],&apos;ColorOrder&apos;,[0.0745098039215686 0.623529411764706 1;1 0.411764705882353 0.16078431372549;1 1 0.0666666666666667;0.717647058823529 0.274509803921569 1;0.392156862745098 0.831372549019608 0.0745098039215686;0.0588235294117647 1 1;1 0.0745098039215686 0.650980392156863])),extmgr.Configuration(&apos;Tools&apos;,&apos;Plot Navigation&apos;,true),extmgr.Configuration(&apos;Tools&apos;,&apos;Measurements&apos;,true,&apos;Version&apos;,&apos;2022b&apos;)),&apos;Version&apos;,&apos;2022b&apos;,&apos;Position&apos;,[418 467 1536 747])</P>
    <P Name="NumInputPorts">1</P>
    <P Name="Floating">off</P>
  </Block>
  <Block BlockType="Scope" Name="Scope2" SID="822">
    <PortCounts in="1"/>
    <P Name="Position">[1290, 164, 1320, 196]</P>
    <P Name="ZOrder">605</P>
    <P Name="ScopeSpecificationString">Simulink.scopes.TimeScopeBlockCfg(&apos;CurrentConfiguration&apos;, extmgr.ConfigurationSet(extmgr.Configuration(&apos;Core&apos;,&apos;General UI&apos;,true),extmgr.Configuration(&apos;Core&apos;,&apos;Source UI&apos;,true),extmgr.Configuration(&apos;Sources&apos;,&apos;WiredSimulink&apos;,true,&apos;DataLoggingVariableName&apos;,&apos;ScopeData3&apos;,&apos;DataLogging&apos;,true,&apos;DataLoggingSaveFormat&apos;,&apos;StructureWithTime&apos;),extmgr.Configuration(&apos;Visuals&apos;,&apos;Time Domain&apos;,true,&apos;SerializedDisplays&apos;,{struct(&apos;MinYLimReal&apos;,&apos;-0.4105&apos;,&apos;MaxYLimReal&apos;,&apos;0.42835&apos;,&apos;YLabelReal&apos;,&apos;&apos;,&apos;MinYLimMag&apos;,&apos;0.00000&apos;,&apos;MaxYLimMag&apos;,&apos;0.42835&apos;,&apos;LegendVisibility&apos;,&apos;On&apos;,&apos;XGrid&apos;,true,&apos;YGrid&apos;,true,&apos;PlotMagPhase&apos;,false,&apos;AxesColor&apos;,[0 0 0],&apos;AxesTickColor&apos;,[0.686274509803922 0.686274509803922 0.686274509803922],&apos;ColorOrder&apos;,[1 1 0.0666666666666667;0.0745098039215686 0.623529411764706 1;1 0.411764705882353 0.16078431372549;0.392156862745098 0.831372549019608 0.0745098039215686;0.717647058823529 0.274509803921569 1;0.0588235294117647 1 1;1 0.0745098039215686 0.650980392156863],&apos;Title&apos;,&apos;%&lt;SignalLabel&gt;&apos;,&apos;LinePropertiesCache&apos;,{{struct(&apos;Visible&apos;,&apos;on&apos;),struct(&apos;Visible&apos;,&apos;on&apos;),struct(&apos;Visible&apos;,&apos;on&apos;),struct(&apos;Visible&apos;,&apos;on&apos;),struct(&apos;Visible&apos;,&apos;on&apos;),struct(&apos;Visible&apos;,&apos;off&apos;),struct(&apos;Visible&apos;,&apos;off&apos;),struct(&apos;Visible&apos;,&apos;off&apos;),struct(&apos;Visible&apos;,&apos;off&apos;),struct(&apos;Visible&apos;,&apos;off&apos;),struct(&apos;Visible&apos;,&apos;off&apos;),struct(&apos;Visible&apos;,&apos;off&apos;),struct(&apos;Visible&apos;,&apos;off&apos;),struct(&apos;Visible&apos;,&apos;off&apos;),struct(&apos;Visible&apos;,&apos;on&apos;),struct(&apos;Visible&apos;,&apos;on&apos;),struct(&apos;Visible&apos;,&apos;on&apos;),struct(&apos;Visible&apos;,&apos;on&apos;),struct(&apos;Visible&apos;,&apos;on&apos;),struct(&apos;Visible&apos;,&apos;on&apos;),struct(&apos;Visible&apos;,&apos;on&apos;),struct(&apos;Visible&apos;,&apos;on&apos;),struct(&apos;Visible&apos;,&apos;on&apos;),struct(&apos;Visible&apos;,&apos;on&apos;),struct(&apos;Visible&apos;,&apos;on&apos;),struct(&apos;Visible&apos;,&apos;on&apos;)}},&apos;UserDefinedChannelNames&apos;,{{}},&apos;NumLines&apos;,3,&apos;LineNames&apos;,{{&apos;Sum1:1&apos;,&apos;Sum1:2&apos;,&apos;Sum1:3&apos;}},&apos;ShowContent&apos;,true,&apos;Placement&apos;,1)},&apos;DisplayPropertyDefaults&apos;,struct(&apos;MinYLimReal&apos;,&apos;-0.4105&apos;,&apos;MaxYLimReal&apos;,&apos;0.42835&apos;,&apos;YLabelReal&apos;,&apos;&apos;,&apos;MinYLimMag&apos;,&apos;0.00000&apos;,&apos;MaxYLimMag&apos;,&apos;0.42835&apos;,&apos;LegendVisibility&apos;,&apos;On&apos;,&apos;XGrid&apos;,true,&apos;YGrid&apos;,true,&apos;PlotMagPhase&apos;,false,&apos;AxesColor&apos;,[0 0 0],&apos;AxesTickColor&apos;,[0.686274509803922 0.686274509803922 0.686274509803922],&apos;ColorOrder&apos;,[0.0745098039215686 0.623529411764706 1;1 0.411764705882353 0.16078431372549;1 1 0.0666666666666667;0.717647058823529 0.274509803921569 1;0.392156862745098 0.831372549019608 0.0745098039215686;0.0588235294117647 1 1;1 0.0745098039215686 0.650980392156863])),extmgr.Configuration(&apos;Tools&apos;,&apos;Plot Navigation&apos;,true),extmgr.Configuration(&apos;Tools&apos;,&apos;Measurements&apos;,true,&apos;Version&apos;,&apos;2023a&apos;)),&apos;Version&apos;,&apos;2023a&apos;,&apos;Position&apos;,[21 86 1246 634])</P>
    <P Name="NumInputPorts">1</P>
    <P Name="Floating">off</P>
  </Block>
  <Block BlockType="Sum" Name="Sum" SID="64">
    <PortCounts in="2" out="1"/>
    <P Name="Position">[445, 240, 465, 260]</P>
    <P Name="ZOrder">301</P>
    <P Name="Inputs">-+|</P>
  </Block>
  <Block BlockType="Sum" Name="Sum1" SID="305">
    <PortCounts in="2" out="1"/>
    <P Name="Position">[1110, 245, 1130, 265]</P>
    <P Name="ZOrder">411</P>
    <P Name="Inputs">-+|</P>
  </Block>
  <Block BlockType="Goto" Name="Tc" SID="140">
    <P Name="Position">[1595, 290, 1635, 320]</P>
    <P Name="ZOrder">405</P>
    <P Name="GotoTag">Tc</P>
  </Block>
  <Block BlockType="Constant" Name="wc" SID="80">
    <P Name="Position">[990, 167, 1070, 193]</P>
    <P Name="ZOrder">357</P>
    <P Name="Value">[0,0,0]</P>
  </Block>
  <Line>
    <P Name="ZOrder">67</P>
    <P Name="Src">3#out:1</P>
    <P Name="Dst">62#in:1</P>
  </Line>
  <Line>
    <P Name="ZOrder">69</P>
    <P Name="Src">63#out:1</P>
    <P Name="Dst">64#in:2</P>
  </Line>
  <Line>
    <P Name="ZOrder">141</P>
    <P Name="Src">136#out:1</P>
    <P Name="Points">[24, 0]</P>
    <Branch>
      <P Name="ZOrder">562</P>
      <P Name="Points">[0, 90]</P>
      <P Name="Dst">821#in:1</P>
    </Branch>
    <Branch>
      <P Name="ZOrder">561</P>
      <P Name="Points">[12, 0]</P>
      <Branch>
        <P Name="ZOrder">612</P>
        <P Name="Points">[0, -215; -990, 0; 0, -90]</P>
        <P Name="Dst">918#in:2</P>
      </Branch>
      <Branch>
        <P Name="ZOrder">611</P>
        <P Name="Dst">140#in:1</P>
      </Branch>
    </Branch>
  </Line>
  <Line>
    <P Name="ZOrder">385</P>
    <P Name="Src">685#out:1</P>
    <P Name="Points">[170, 0]</P>
    <P Name="Dst">64#in:1</P>
  </Line>
  <Line>
    <P Name="ZOrder">199</P>
    <P Name="Src">80#out:1</P>
    <P Name="Points">[45, 0]</P>
    <P Name="Dst">305#in:1</P>
  </Line>
  <Line>
    <P Name="ZOrder">182</P>
    <P Name="Src">64#out:1</P>
    <P Name="Points">[18, 0; 0, 5]</P>
    <P Name="Dst">55#in:1</P>
  </Line>
  <Line>
    <P Name="ZOrder">183</P>
    <P Name="Src">62#out:1</P>
    <P Name="Points">[11, 0]</P>
    <Branch>
      <P Name="ZOrder">605</P>
      <P Name="Points">[0, -22; -64, 0; 0, -303]</P>
      <P Name="Dst">919#in:1</P>
    </Branch>
    <Branch>
      <P Name="ZOrder">604</P>
      <P Name="Points">[4, 0; 0, 15]</P>
      <P Name="Dst">55#in:2</P>
    </Branch>
  </Line>
  <Line>
    <P Name="ZOrder">185</P>
    <P Name="Src">1#out:1</P>
    <P Name="Points">[108, 0; 0, -15]</P>
    <P Name="Dst">55#in:3</P>
  </Line>
  <Line>
    <P Name="ZOrder">531</P>
    <P Name="Src">55#out:1</P>
    <P Name="Points">[15, 0; 0, 43; 282, 0; 0, -13]</P>
    <Branch>
      <P Name="ZOrder">532</P>
      <P Name="Points">[0, -55]</P>
      <P Name="Dst">305#in:2</P>
    </Branch>
    <Branch>
      <P Name="ZOrder">527</P>
      <P Name="Dst">308#in:1</P>
    </Branch>
  </Line>
  <Line>
    <P Name="ZOrder">200</P>
    <P Name="Src">305#out:1</P>
    <P Name="Points">[-5, 0; 85, 0]</P>
    <Branch>
      <P Name="ZOrder">216</P>
      <P Name="Points">[0, 40]</P>
      <P Name="Dst">306#in:1</P>
    </Branch>
    <Branch>
      <P Name="ZOrder">215</P>
      <P Name="Points">[42, 0]</P>
      <Branch>
        <P Name="ZOrder">564</P>
        <P Name="Points">[0, -75]</P>
        <P Name="Dst">822#in:1</P>
      </Branch>
      <Branch>
        <P Name="ZOrder">563</P>
        <P Name="Points">[78, 0; 0, 50]</P>
        <P Name="Dst">136#in:1</P>
      </Branch>
    </Branch>
  </Line>
  <Line>
    <P Name="ZOrder">225</P>
    <P Name="Src">315#out:1</P>
    <P Name="Dst">316#in:1</P>
  </Line>
  <Line>
    <P Name="ZOrder">234</P>
    <P Name="Src">311#out:1</P>
    <P Name="Dst">315#in:1</P>
  </Line>
  <Line>
    <P Name="ZOrder">232</P>
    <P Name="Src">313#out:1</P>
    <P Name="Dst">315#in:2</P>
  </Line>
  <Line>
    <P Name="ZOrder">231</P>
    <P Name="Src">314#out:1</P>
    <P Name="Dst">315#in:3</P>
  </Line>
  <Line>
    <P Name="ZOrder">241</P>
    <P Name="Src">327#out:1</P>
    <P Name="Dst">328#in:1</P>
  </Line>
  <Line>
    <P Name="ZOrder">381</P>
    <P Name="Src">328#out:1</P>
    <P Name="Dst">667#in:2</P>
  </Line>
  <Line>
    <P Name="ZOrder">382</P>
    <P Name="Src">323#out:1</P>
    <P Name="Dst">667#in:1</P>
  </Line>
  <Line>
    <P Name="ZOrder">383</P>
    <P Name="Src">680#out:1</P>
    <P Name="Dst">667#in:3</P>
  </Line>
  <Line>
    <P Name="ZOrder">384</P>
    <P Name="Src">667#out:1</P>
    <P Name="Dst">684#in:1</P>
  </Line>
  <Line>
    <P Name="ZOrder">386</P>
    <P Name="Src">55#out:2</P>
    <P Name="Points">[23, 0; 0, 15]</P>
    <P Name="Dst">686#in:1</P>
  </Line>
  <Line>
    <P Name="ZOrder">387</P>
    <P Name="Src">687#out:1</P>
    <P Name="Dst">717#in:1</P>
  </Line>
  <Line>
    <P Name="ZOrder">389</P>
    <P Name="Src">688#out:1</P>
    <P Name="Dst">667#in:5</P>
  </Line>
  <Line>
    <P Name="ZOrder">390</P>
    <P Name="Src">691#out:1</P>
    <P Name="Dst">667#in:6</P>
  </Line>
  <Line>
    <P Name="ZOrder">391</P>
    <P Name="Src">692#out:1</P>
    <P Name="Dst">667#in:7</P>
  </Line>
  <Line>
    <P Name="ZOrder">392</P>
    <P Name="Src">693#out:1</P>
    <P Name="Dst">667#in:8</P>
  </Line>
  <Line>
    <P Name="ZOrder">393</P>
    <P Name="Src">667#out:2</P>
    <P Name="Dst">694#in:1</P>
  </Line>
  <Line>
    <P Name="ZOrder">394</P>
    <P Name="Src">667#out:3</P>
    <P Name="Dst">695#in:1</P>
  </Line>
  <Line>
    <P Name="ZOrder">395</P>
    <P Name="Src">667#out:4</P>
    <P Name="Dst">696#in:1</P>
  </Line>
  <Line>
    <P Name="ZOrder">397</P>
    <P Name="Src">700#out:1</P>
    <P Name="Points">[103, 0; 0, -5]</P>
    <P Name="Dst">55#in:4</P>
  </Line>
  <Line>
    <P Name="ZOrder">399</P>
    <P Name="Src">701#out:1</P>
    <P Name="Dst">315#in:5</P>
  </Line>
  <Line>
    <P Name="ZOrder">400</P>
    <P Name="Src">702#out:1</P>
    <P Name="Dst">315#in:4</P>
  </Line>
  <Line>
    <P Name="ZOrder">401</P>
    <P Name="Src">714#out:1</P>
    <P Name="Dst">667#in:9</P>
  </Line>
  <Line>
    <P Name="ZOrder">402</P>
    <P Name="Src">717#out:1</P>
    <P Name="Dst">667#in:4</P>
  </Line>
  <Line>
    <P Name="ZOrder">436</P>
    <P Name="Src">667#out:5</P>
    <P Name="Dst">730#in:1</P>
  </Line>
  <Line>
    <P Name="ZOrder">603</P>
    <P Name="Src">919#out:1</P>
    <P Name="Points">[70, 0; 0, 15]</P>
    <P Name="Dst">918#in:1</P>
  </Line>
</System>
