<?xml version="1.0" encoding="utf-8"?>
<System>
  <P Name="Location">[1280, 0, 2560, 696]</P>
  <P Name="ZoomFactor">300</P>
  <Block BlockType="Inport" Name="dw1" SID="905">
    <P Name="Position">[120, 73, 150, 87]</P>
    <P Name="ZOrder">390</P>
  </Block>
  <Block BlockType="Derivative" Name="Derivative" SID="906">
    <P Name="Position">[245, 165, 275, 195]</P>
    <P Name="ZOrder">405</P>
  </Block>
  <Block BlockType="Gain" Name="Gain" SID="907">
    <P Name="Position">[195, 65, 225, 95]</P>
    <P Name="ZOrder">372</P>
    <P Name="Gain">0</P>
  </Block>
  <Block BlockType="Gain" Name="Gain1" SID="908">
    <P Name="Position">[60, -10, 95, 20]</P>
    <P Name="ZOrder">373</P>
    <P Name="Gain">0.5</P>
  </Block>
  <Block BlockType="Gain" Name="Gain2" SID="909">
    <P Name="Position">[195, 165, 225, 195]</P>
    <P Name="ZOrder">404</P>
    <P Name="Gain">0</P>
  </Block>
  <Block BlockType="Integrator" Name="Integrator" SID="910">
    <PortCounts in="1" out="1"/>
    <P Name="Position">[115, -10, 145, 20]</P>
    <P Name="ZOrder">402</P>
  </Block>
  <Block BlockType="Sum" Name="Sum2" SID="911">
    <PortCounts in="3" out="1"/>
    <P Name="Position">[290, 30, 320, 60]</P>
    <P Name="ZOrder">385</P>
    <P Name="Inputs">+|+|+</P>
  </Block>
  <Block BlockType="InportShadow" Name="dw2" SID="912">
    <P Name="Position">[5, -2, 35, 12]</P>
    <P Name="ZOrder">401</P>
  </Block>
  <Block BlockType="InportShadow" Name="dw3" SID="913">
    <P Name="Position">[120, 173, 150, 187]</P>
    <P Name="ZOrder">403</P>
  </Block>
  <Block BlockType="Outport" Name="Tcx" SID="914">
    <P Name="Position">[410, 33, 440, 47]</P>
    <P Name="ZOrder">396</P>
  </Block>
  <Line>
    <P Name="ZOrder">1</P>
    <P Name="Src">911#out:1</P>
    <P Name="Points">[35, 0; 0, -5]</P>
    <P Name="Dst">914#in:1</P>
  </Line>
  <Line>
    <P Name="ZOrder">2</P>
    <P Name="Src">905#out:1</P>
    <P Name="Dst">907#in:1</P>
  </Line>
  <Line>
    <P Name="ZOrder">3</P>
    <P Name="Src">907#out:1</P>
    <P Name="Points">[28, 0; 0, -35]</P>
    <P Name="Dst">911#in:2</P>
  </Line>
  <Line>
    <P Name="ZOrder">4</P>
    <P Name="Src">908#out:1</P>
    <P Name="Dst">910#in:1</P>
  </Line>
  <Line>
    <P Name="ZOrder">5</P>
    <P Name="Src">912#out:1</P>
    <P Name="Dst">908#in:1</P>
  </Line>
  <Line>
    <P Name="ZOrder">6</P>
    <P Name="Src">910#out:1</P>
    <P Name="Points">[155, 0]</P>
    <P Name="Dst">911#in:1</P>
  </Line>
  <Line>
    <P Name="ZOrder">7</P>
    <P Name="Src">913#out:1</P>
    <P Name="Dst">909#in:1</P>
  </Line>
  <Line>
    <P Name="ZOrder">8</P>
    <P Name="Src">909#out:1</P>
    <P Name="Dst">906#in:1</P>
  </Line>
  <Line>
    <P Name="ZOrder">9</P>
    <P Name="Src">906#out:1</P>
    <P Name="Points">[25, 0]</P>
    <P Name="Dst">911#in:3</P>
  </Line>
  <Annotation SID="916">
    <P Name="Name">K_I</P>
    <P Name="Position">[36, -18, 52, -3]</P>
    <P Name="InternalMargins">[0, 0, 0, 0]</P>
    <P Name="ZOrder">-1</P>
  </Annotation>
  <Annotation SID="915">
    <P Name="Name">K_p</P>
    <P Name="Position">[159, 89, 178, 104]</P>
    <P Name="InternalMargins">[0, 0, 0, 0]</P>
    <P Name="ZOrder">-2</P>
  </Annotation>
</System>
