<?xml version="1.0" encoding="utf-8"?>
<System>
  <P Name="Location">[-1, -8, 2561, 1393]</P>
  <P Name="ZoomFactor">109</P>
  <Block BlockType="Inport" Name="W4" SID="601">
    <P Name="Position">[20, 168, 50, 182]</P>
    <P Name="ZOrder">505</P>
  </Block>
  <Block BlockType="Inport" Name="Tc_W4" SID="602">
    <P Name="Position">[20, 68, 50, 82]</P>
    <P Name="ZOrder">506</P>
    <P Name="Port">2</P>
  </Block>
  <Block BlockType="Inport" Name="w0_W4" SID="603">
    <P Name="Position">[20, 488, 50, 502]</P>
    <P Name="ZOrder">508</P>
    <P Name="Port">3</P>
  </Block>
  <Block BlockType="Inport" Name="w_t" SID="604">
    <P Name="Position">[20, 243, 50, 257]</P>
    <P Name="ZOrder">509</P>
    <P Name="Port">4</P>
  </Block>
  <Block BlockType="Inport" Name="dw/dt" SID="605">
    <P Name="Position">[20, 123, 50, 137]</P>
    <P Name="ZOrder">507</P>
    <P Name="Port">5</P>
  </Block>
  <Block BlockType="Inport" Name="torquebox_data" SID="712">
    <P Name="Position">[455, 193, 485, 207]</P>
    <P Name="ZOrder">529</P>
    <P Name="Port">6</P>
  </Block>
  <Block BlockType="DotProduct" Name="Dot Product" SID="606">
    <P Name="Position">[170, 137, 200, 168]</P>
    <P Name="ZOrder">486</P>
    <P Name="OutDataTypeStr">Inherit: Inherit via internal rule</P>
  </Block>
  <Block BlockType="DotProduct" Name="Dot Product1" SID="607">
    <P Name="Position">[170, 227, 200, 258]</P>
    <P Name="ZOrder">503</P>
    <P Name="OutDataTypeStr">Inherit: Inherit via internal rule</P>
    <PortProperties>
      <Port Type="out" Index="1">
        <P Name="Name">Spacecraft contributionangular momentum</P>
      </Port>
    </PortProperties>
  </Block>
  <Block BlockType="From" Name="From" SID="608">
    <P Name="Position">[10, 575, 50, 605]</P>
    <P Name="ZOrder">513</P>
    <P Name="GotoTag">Ta_W4</P>
  </Block>
  <Block BlockType="From" Name="From1" SID="609">
    <P Name="Position">[5, 642, 65, 668]</P>
    <P Name="ZOrder">516</P>
    <P Name="GotoTag">T_W4_s</P>
    <PortProperties>
      <Port Type="out" Index="1">
        <P Name="PropagatedSignals">Spacecraft contribution Torque</P>
      </Port>
    </PortProperties>
  </Block>
  <Block BlockType="From" Name="From2" SID="610">
    <P Name="Position">[5, 784, 55, 806]</P>
    <P Name="ZOrder">521</P>
    <P Name="GotoTag">H_W4_s</P>
    <PortProperties>
      <Port Type="out" Index="1">
        <P Name="PropagatedSignals">Spacecraft contributionangular momentum</P>
      </Port>
    </PortProperties>
  </Block>
  <Block BlockType="From" Name="From3" SID="611">
    <P Name="Position">[5, 715, 80, 745]</P>
    <P Name="ZOrder">522</P>
    <P Name="GotoTag">H_W4_w</P>
    <PortProperties>
      <Port Type="out" Index="1">
        <P Name="PropagatedSignals">H_W1_wheel only</P>
      </Port>
    </PortProperties>
  </Block>
  <Block BlockType="From" Name="From7" SID="612">
    <P Name="Position">[20, 410, 60, 440]</P>
    <P Name="ZOrder">491</P>
    <P Name="GotoTag">Ta_W4</P>
  </Block>
  <Block BlockType="From" Name="From8" SID="613">
    <P Name="Position">[15, 300, 70, 330]</P>
    <P Name="ZOrder">500</P>
    <P Name="GotoTag">w_t_W4</P>
  </Block>
  <Block BlockType="Gain" Name="Gain" SID="614">
    <P Name="Position">[275, 140, 305, 170]</P>
    <P Name="ZOrder">487</P>
    <P Name="Gain">Params.Jw</P>
    <PortProperties>
      <Port Type="out" Index="1">
        <P Name="Name">Spacecraft contribution Torque</P>
      </Port>
    </PortProperties>
  </Block>
  <Block BlockType="Gain" Name="Gain1" SID="615">
    <P Name="Position">[170, 410, 200, 440]</P>
    <P Name="ZOrder">492</P>
    <P Name="Gain">1/Params.Jw</P>
    <PortProperties>
      <Port Type="out" Index="1">
        <P Name="Name">dw/dt_w1</P>
      </Port>
    </PortProperties>
  </Block>
  <Block BlockType="Gain" Name="Gain2" SID="616">
    <P Name="Position">[225, 300, 255, 330]</P>
    <P Name="ZOrder">504</P>
    <P Name="Gain">Params.Jw</P>
    <PortProperties>
      <Port Type="out" Index="1">
        <P Name="Name">H_W1_wheel only</P>
      </Port>
    </PortProperties>
  </Block>
  <Block BlockType="Gain" Name="Gain3" SID="617">
    <P Name="Position">[250, 605, 280, 635]</P>
    <P Name="ZOrder">525</P>
    <P Name="Gain">Params.W4</P>
  </Block>
  <Block BlockType="Gain" Name="Gain4" SID="618">
    <P Name="Position">[250, 755, 280, 785]</P>
    <P Name="ZOrder">526</P>
    <P Name="Gain">Params.W4</P>
  </Block>
  <Block BlockType="Gain" Name="Gain5" SID="740">
    <P Name="Position">[790, 115, 820, 145]</P>
    <P Name="ZOrder">530</P>
  </Block>
  <Block BlockType="Goto" Name="Goto" SID="619">
    <P Name="Position">[375, 207, 430, 223]</P>
    <P Name="ZOrder">514</P>
    <P Name="GotoTag">T_W4_s</P>
  </Block>
  <Block BlockType="Goto" Name="Goto1" SID="620">
    <P Name="Position">[385, 237, 430, 253]</P>
    <P Name="ZOrder">515</P>
    <P Name="GotoTag">H_W4_s</P>
  </Block>
  <Block BlockType="Goto" Name="Goto2" SID="621">
    <P Name="Position">[495, 300, 570, 330]</P>
    <P Name="ZOrder">520</P>
    <P Name="GotoTag">H_W4_w</P>
  </Block>
  <Block BlockType="Goto" Name="Goto4" SID="622">
    <P Name="Position">[910, 115, 995, 145]</P>
    <P Name="ZOrder">489</P>
    <P Name="GotoTag">Ta_W4</P>
    <P Name="IconDisplay">Signal name</P>
  </Block>
  <Block BlockType="Goto" Name="Goto9" SID="623">
    <P Name="Position">[485, 440, 540, 470]</P>
    <P Name="ZOrder">499</P>
    <P Name="GotoTag">w_t_W4</P>
  </Block>
  <Block BlockType="Integrator" Name="Integrator" SID="624">
    <PortCounts in="2" out="1"/>
    <P Name="Position">[305, 424, 340, 486]</P>
    <P Name="ZOrder">493</P>
    <P Name="InitialConditionSource">external</P>
  </Block>
  <Block BlockType="SubSystem" Name="MATLAB Function" SID="625">
    <PortCounts in="3" out="1"/>
    <P Name="Position">[510, 21, 770, 239]</P>
    <P Name="ZOrder">471</P>
    <P Name="ErrorFcn">Stateflow.Translate.translate</P>
    <P Name="PermitHierarchicalResolution">ExplicitOnly</P>
    <P Name="TreatAsAtomicUnit">on</P>
    <P Name="SFBlockType">MATLAB Function</P>
    <P Name="ContentPreviewEnabled">on</P>
    <PortProperties>
      <Port Type="out" Index="1">
        <P Name="PropagatedSignals">Torque</P>
      </Port>
    </PortProperties>
    <System Ref="system_625"/>
  </Block>
  <Block BlockType="Reshape" Name="Reshape" SID="637">
    <PortCounts in="1" out="1"/>
    <P Name="Position">[310, 608, 340, 632]</P>
    <P Name="ZOrder">527</P>
    <P Name="OutputDimensionality">Column vector (2-D)</P>
    <PortProperties>
      <Port Type="out" Index="1">
        <P Name="Name">wheel&apos;s 4 torque in body frame</P>
      </Port>
    </PortProperties>
  </Block>
  <Block BlockType="Reshape" Name="Reshape1" SID="638">
    <PortCounts in="1" out="1"/>
    <P Name="Position">[310, 758, 340, 782]</P>
    <P Name="ZOrder">528</P>
    <P Name="OutputDimensionality">Column vector (2-D)</P>
  </Block>
  <Block BlockType="Saturate" Name="Saturation1" SID="820">
    <P Name="Position">[400, 440, 430, 470]</P>
    <P Name="ZOrder">594</P>
    <P Name="UpperLimit">598</P>
    <P Name="LowerLimit">-598</P>
  </Block>
  <Block BlockType="Sum" Name="Sum" SID="626">
    <PortCounts in="2" out="1"/>
    <P Name="Position">[200, 610, 220, 630]</P>
    <P Name="ZOrder">518</P>
    <P Name="Inputs">+|+</P>
  </Block>
  <Block BlockType="Sum" Name="Sum1" SID="627">
    <PortCounts in="2" out="1"/>
    <P Name="Position">[210, 760, 230, 780]</P>
    <P Name="ZOrder">523</P>
    <P Name="Inputs">+|+</P>
  </Block>
  <Block BlockType="Sum" Name="Sum2" SID="628">
    <PortCounts in="2" out="1"/>
    <P Name="Position">[375, 65, 395, 85]</P>
    <P Name="ZOrder">488</P>
    <P Name="Inputs">|+-</P>
  </Block>
  <Block BlockType="Outport" Name="Ta_W4" SID="629">
    <P Name="Position">[940, 178, 970, 192]</P>
    <P Name="ZOrder">510</P>
  </Block>
  <Block BlockType="Outport" Name="H_W4_w" SID="630">
    <P Name="Position">[530, 378, 560, 392]</P>
    <P Name="ZOrder">512</P>
    <P Name="Port">2</P>
  </Block>
  <Block BlockType="Outport" Name="T_W4_BODY" SID="631">
    <P Name="Position">[510, 613, 540, 627]</P>
    <P Name="ZOrder">519</P>
    <P Name="Port">3</P>
  </Block>
  <Block BlockType="Outport" Name="H_W4_BODY" SID="632">
    <P Name="Position">[495, 763, 525, 777]</P>
    <P Name="ZOrder">524</P>
    <P Name="Port">4</P>
  </Block>
  <Line>
    <P Name="ZOrder">2</P>
    <P Name="Src">617#out:1</P>
    <P Name="Dst">637#in:1</P>
  </Line>
  <Line>
    <P Name="ZOrder">3</P>
    <P Name="Src">627#out:1</P>
    <P Name="Dst">618#in:1</P>
  </Line>
  <Line>
    <P Name="ZOrder">4</P>
    <P Name="Src">611#out:1</P>
    <P Name="Points">[135, 0]</P>
    <P Name="Dst">627#in:1</P>
  </Line>
  <Line>
    <P Name="ZOrder">5</P>
    <P Name="Src">610#out:1</P>
    <P Name="Dst">627#in:2</P>
  </Line>
  <Line>
    <P Name="ZOrder">6</P>
    <P Name="Src">626#out:1</P>
    <P Name="Dst">617#in:1</P>
  </Line>
  <Line>
    <P Name="ZOrder">7</P>
    <P Name="Src">609#out:1</P>
    <P Name="Points">[140, 0]</P>
    <P Name="Dst">626#in:2</P>
  </Line>
  <Line>
    <P Name="ZOrder">8</P>
    <P Name="Src">608#out:1</P>
    <P Name="Points">[155, 0]</P>
    <P Name="Dst">626#in:1</P>
  </Line>
  <Line>
    <P Name="Name">Spacecraft contributionangular momentum</P>
    <P Name="ZOrder">9</P>
    <P Name="Labels">[1, 1]</P>
    <P Name="Src">607#out:1</P>
    <P Name="Dst">620#in:1</P>
  </Line>
  <Line>
    <P Name="ZOrder">10</P>
    <P Name="Src">604#out:1</P>
    <P Name="Dst">607#in:2</P>
  </Line>
  <Line>
    <P Name="ZOrder">11</P>
    <P Name="Src">613#out:1</P>
    <P Name="Dst">616#in:1</P>
  </Line>
  <Line>
    <P Name="Name">dw/dt_w1</P>
    <P Name="ZOrder">12</P>
    <P Name="Labels">[2, 1]</P>
    <P Name="Src">615#out:1</P>
    <P Name="Points">[48, 0; 0, 15]</P>
    <P Name="Dst">624#in:1</P>
  </Line>
  <Line>
    <P Name="ZOrder">13</P>
    <P Name="Src">624#out:1</P>
    <P Name="Dst">820#in:1</P>
  </Line>
  <Line>
    <P Name="ZOrder">14</P>
    <P Name="Src">612#out:1</P>
    <P Name="Dst">615#in:1</P>
  </Line>
  <Line>
    <P Name="Name">H_W1_wheel only</P>
    <P Name="ZOrder">72</P>
    <P Name="Labels">[1, 1]</P>
    <P Name="Src">616#out:1</P>
    <P Name="Points">[178, 0]</P>
    <Branch>
      <P Name="ZOrder">16</P>
      <P Name="Points">[0, -185]</P>
      <P Name="Dst">625#in:2</P>
    </Branch>
    <Branch>
      <P Name="ZOrder">17</P>
      <P Name="Points">[24, 0]</P>
      <Branch>
        <P Name="ZOrder">18</P>
        <P Name="Dst">621#in:1</P>
      </Branch>
      <Branch>
        <P Name="ZOrder">19</P>
        <P Name="Points">[0, 70]</P>
        <P Name="Dst">630#in:1</P>
      </Branch>
    </Branch>
  </Line>
  <Line>
    <P Name="ZOrder">20</P>
    <P Name="Src">606#out:1</P>
    <P Name="Dst">614#in:1</P>
  </Line>
  <Line>
    <P Name="ZOrder">21</P>
    <P Name="Src">601#out:1</P>
    <P Name="Points">[53, 0]</P>
    <Branch>
      <P Name="ZOrder">22</P>
      <P Name="Points">[0, -15]</P>
      <P Name="Dst">606#in:2</P>
    </Branch>
    <Branch>
      <P Name="ZOrder">23</P>
      <P Name="Points">[0, 60]</P>
      <P Name="Dst">607#in:1</P>
    </Branch>
  </Line>
  <Line>
    <P Name="ZOrder">24</P>
    <P Name="Src">628#out:1</P>
    <P Name="Points">[53, 0; 0, -15]</P>
    <P Name="Dst">625#in:1</P>
  </Line>
  <Line>
    <P Name="ZOrder">25</P>
    <P Name="Src">603#out:1</P>
    <P Name="Points">[123, 0; 0, -25]</P>
    <P Name="Dst">624#in:2</P>
  </Line>
  <Line>
    <P Name="ZOrder">26</P>
    <P Name="Src">605#out:1</P>
    <P Name="Points">[55, 0; 0, 15]</P>
    <P Name="Dst">606#in:1</P>
  </Line>
  <Line>
    <P Name="Name">Spacecraft contribution Torque</P>
    <P Name="ZOrder">27</P>
    <P Name="Src">614#out:1</P>
    <P Name="Points">[31, 0]</P>
    <Branch>
      <P Name="ZOrder">28</P>
      <P Name="Labels">[1, 1]</P>
      <P Name="Points">[0, 60]</P>
      <P Name="Dst">619#in:1</P>
    </Branch>
    <Branch>
      <P Name="ZOrder">29</P>
      <P Name="Points">[44, 0]</P>
      <P Name="Dst">628#in:2</P>
    </Branch>
  </Line>
  <Line>
    <P Name="ZOrder">30</P>
    <P Name="Src">602#out:1</P>
    <P Name="Dst">628#in:1</P>
  </Line>
  <Line>
    <P Name="Name">wheel&apos;s 4 torque in body frame</P>
    <P Name="ZOrder">34</P>
    <P Name="Labels">[1, 1]</P>
    <P Name="Src">637#out:1</P>
    <P Name="Dst">631#in:1</P>
  </Line>
  <Line>
    <P Name="ZOrder">61</P>
    <P Name="Src">618#out:1</P>
    <P Name="Dst">638#in:1</P>
  </Line>
  <Line>
    <P Name="ZOrder">36</P>
    <P Name="Src">712#out:1</P>
    <P Name="Dst">625#in:3</P>
  </Line>
  <Line>
    <P Name="ZOrder">38</P>
    <P Name="Src">625#out:1</P>
    <P Name="Dst">740#in:1</P>
  </Line>
  <Line>
    <P Name="ZOrder">39</P>
    <P Name="Src">740#out:1</P>
    <P Name="Points">[30, 0]</P>
    <Branch>
      <P Name="ZOrder">43</P>
      <P Name="Points">[0, 55]</P>
      <P Name="Dst">629#in:1</P>
    </Branch>
    <Branch>
      <P Name="ZOrder">42</P>
      <P Name="Dst">622#in:1</P>
    </Branch>
  </Line>
  <Line>
    <P Name="ZOrder">69</P>
    <P Name="Src">638#out:1</P>
    <P Name="Dst">632#in:1</P>
  </Line>
  <Line>
    <P Name="ZOrder">71</P>
    <P Name="Src">820#out:1</P>
    <P Name="Dst">623#in:1</P>
  </Line>
  <Annotation SID="763">
    <P Name="Name">&lt;!DOCTYPE HTML PUBLIC &quot;-//W3C//DTD HTML 4.0//EN&quot; &quot;http://www.w3.org/TR/REC-html40/strict.dtd&quot;&gt;
&lt;html&gt;&lt;head&gt;&lt;meta name=&quot;qrichtext&quot; content=&quot;1&quot; /&gt;&lt;style type=&quot;text/css&quot;&gt;
p, li { white-space: pre-wrap; }
&lt;/style&gt;&lt;/head&gt;&lt;body align=&quot;left&quot; style=&quot; font-family:&apos;Helvetica&apos;; font-size:10px; font-weight:400; font-style:normal;&quot;&gt;
&lt;p align=&quot;left&quot; style=&quot; margin-top:0px; margin-bottom:0px; margin-left:0px; margin-right:0px; -qt-block-indent:0; text-indent:0px;&quot;&gt;&lt;span style=&quot; font-size:9px;&quot;&gt;wheel&apos;s 4 momentum in body frame&lt;/span&gt;&lt;/p&gt;&lt;/body&gt;&lt;/html&gt;</P>
    <P Name="Position">[343, 757, 507, 777]</P>
    <P Name="InternalMargins">[0, 0, 0, 0]</P>
    <P Name="FixedHeight">on</P>
    <P Name="FixedWidth">on</P>
    <P Name="Interpreter">rich</P>
    <P Name="ZOrder">-1</P>
  </Annotation>
</System>
