<?xml version="1.0" encoding="UTF-8" standalone="yes" ?>
<cp:coreProperties xmlns:cp="http://schemas.openxmlformats.org/package/2006/metadata/core-properties" xmlns:dc="http://purl.org/dc/elements/1.1/" xmlns:dcmitype="http://purl.org/dc/dcmitype/" xmlns:dcterms="http://purl.org/dc/terms/" xmlns:xsi="http://www.w3.org/2001/XMLSchema-instance">
  <cp:category>model</cp:category>
  <dcterms:created xsi:type="dcterms:W3CDTF">2022-05-15T15:54:50Z</dcterms:created>
  <dc:creator>orena</dc:creator>
  <cp:lastModifiedBy>Chen</cp:lastModifiedBy>
  <dcterms:modified xsi:type="dcterms:W3CDTF">2023-05-30T20:23:42Z</dcterms:modified>
  <cp:revision>6.3</cp:revision>
  <cp:version>R2023a</cp:version>
</cp:coreProperties>
