<?xml version="1.0" encoding="UTF-8"?>
<sltp_graph version="1.1" packageUris="http://schema.mathworks.com/mf0/sltp_mm/R2023a_202209151115">
  <sltp.mm.core.Context type="sltp.mm.core.Context" uuid="e7e17655-982a-44da-b7bf-0b4cc2052bd1">
    <priorityDirection>HighNumberLast</priorityDirection>
    <defaultEventBehavior type="sltp.mm.core.EventBehavior" uuid="8d05b1b1-7c59-4848-8e2c-50861752d0fd"/>
    <editorState type="sltp.mm.core.EditorState" uuid="7c09ce62-97fa-4f90-81c8-381fea60607b">
      <isSynchronized>true</isSynchronized>
      <panelState type="sltp.mm.core.EditorPanelState" uuid="8926f47d-9b72-4b37-a309-534823309f37"/>
    </editorState>
    <rootTask type="sltp.mm.core.Task" uuid="776decd7-f5da-4fec-8877-93f5b329c805">
      <context type="sltp.mm.core.Context" uuid="e7e17655-982a-44da-b7bf-0b4cc2052bd1"/>
      <explicit>false</explicit>
      <name>Default</name>
      <priority>-2147483648</priority>
      <subgraph type="sltp.mm.core.Graph" uuid="0a6eaf41-aedb-4f36-80d3-f295317ccbef">
        <tasks type="sltp.mm.core.Task" uuid="9dd43503-a342-49c4-9b49-cd9abaeae0bc">
          <baseTask>true</baseTask>
          <context type="sltp.mm.core.Context" uuid="e7e17655-982a-44da-b7bf-0b4cc2052bd1"/>
          <explicit>false</explicit>
          <id>1</id>
          <isTimed>true</isTimed>
          <name>Cont</name>
          <priority>40</priority>
          <rates type="sltp.mm.core.Rate" uuid="d849678d-a3f8-4047-adb2-e2464cb32e1a">
            <annotation>Cont</annotation>
            <color>255</color>
            <hasBlocks>true</hasBlocks>
            <rateIndex>0</rateIndex>
            <rateSpec type="sltp.mm.core.RateSpec">
              <period>0.0</period>
            </rateSpec>
            <sti>0</sti>
          </rates>
          <rates type="sltp.mm.core.Rate" uuid="459a9177-48fd-4ac4-b15b-89677e9ad5e8">
            <annotation>D1</annotation>
            <color>-436207361</color>
            <hasBlocks>true</hasBlocks>
            <rateIndex>1</rateIndex>
            <rateSpec type="sltp.mm.core.RateSpec">
              <period>.1</period>
            </rateSpec>
            <sti>1</sti>
          </rates>
        </tasks>
      </subgraph>
    </rootTask>
  </sltp.mm.core.Context>
</sltp_graph>